-- phpMyAdmin SQL Dump
-- version 5.2.0
-- https://www.phpmyadmin.net/
--
-- Host: 127.0.0.1:3306
-- Generation Time: Jan 10, 2025 at 09:58 PM
-- Server version: 8.0.31
-- PHP Version: 8.0.26

SET SQL_MODE = "NO_AUTO_VALUE_ON_ZERO";
START TRANSACTION;
SET time_zone = "+00:00";


/*!40101 SET @OLD_CHARACTER_SET_CLIENT=@@CHARACTER_SET_CLIENT */;
/*!40101 SET @OLD_CHARACTER_SET_RESULTS=@@CHARACTER_SET_RESULTS */;
/*!40101 SET @OLD_COLLATION_CONNECTION=@@COLLATION_CONNECTION */;
/*!40101 SET NAMES utf8mb4 */;

--
-- Database: `blokusdb`
--

DELIMITER $$
--
-- Procedures
--
DROP PROCEDURE IF EXISTS `insert_initial_player_pieces`$$
CREATE DEFINER=`root`@`localhost` PROCEDURE `insert_initial_player_pieces` (IN `p_game_id` INT, IN `p_player_num` ENUM('p1','p2','p3','p4'), IN `p_user_id` INT)   BEGIN
    DECLARE v_piece_id INT;
    DECLARE v_max_pieces INT DEFAULT 21; 

    SET v_piece_id = 1;

    WHILE v_piece_id <= v_max_pieces DO
        INSERT INTO player_pieces (game_id, player_num, user_id, available_piece_id) 
        VALUES (p_game_id, p_player_num, p_user_id, v_piece_id);
        SET v_piece_id = v_piece_id + 1;
    END WHILE;
END$$

DELIMITER ;

-- --------------------------------------------------------

--
-- Table structure for table `board`
--

DROP TABLE IF EXISTS `board`;
CREATE TABLE IF NOT EXISTS `board` (
  `board_id` int NOT NULL AUTO_INCREMENT,
  `game_id` int NOT NULL,
  `board` mediumtext CHARACTER SET utf8mb4 COLLATE utf8mb4_general_ci,
  `created` timestamp NULL DEFAULT NULL,
  `updated` timestamp NULL DEFAULT NULL,
  PRIMARY KEY (`board_id`),
  KEY `game_id` (`game_id`)
) ENGINE=MyISAM AUTO_INCREMENT=21 DEFAULT CHARSET=utf8mb4 COLLATE=utf8mb4_general_ci;

--
-- Dumping data for table `board`
--

INSERT INTO `board` (`board_id`, `game_id`, `board`, `created`, `updated`) VALUES
(10, 45, 'a:20:{i:0;a:20:{i:0;i:0;i:1;i:0;i:2;i:0;i:3;i:0;i:4;i:0;i:5;i:0;i:6;i:0;i:7;i:0;i:8;i:0;i:9;i:0;i:10;i:0;i:11;i:0;i:12;i:0;i:13;i:0;i:14;i:0;i:15;i:0;i:16;i:0;i:17;i:0;i:18;i:0;i:19;i:0;}i:1;a:20:{i:0;i:0;i:1;i:0;i:2;i:0;i:3;i:0;i:4;i:0;i:5;i:0;i:6;i:0;i:7;i:0;i:8;i:0;i:9;i:0;i:10;i:0;i:11;i:0;i:12;i:0;i:13;i:0;i:14;i:0;i:15;i:0;i:16;i:0;i:17;i:0;i:18;i:0;i:19;i:0;}i:2;a:20:{i:0;i:0;i:1;i:0;i:2;i:0;i:3;i:0;i:4;i:0;i:5;i:0;i:6;i:0;i:7;i:0;i:8;i:0;i:9;i:0;i:10;i:0;i:11;i:0;i:12;i:0;i:13;i:0;i:14;i:0;i:15;i:0;i:16;i:0;i:17;i:0;i:18;i:0;i:19;i:0;}i:3;a:20:{i:0;i:0;i:1;i:0;i:2;i:0;i:3;i:0;i:4;i:0;i:5;i:0;i:6;i:0;i:7;i:0;i:8;i:0;i:9;i:0;i:10;i:0;i:11;i:0;i:12;i:0;i:13;i:0;i:14;i:0;i:15;i:0;i:16;i:0;i:17;i:0;i:18;i:0;i:19;i:0;}i:4;a:20:{i:0;i:0;i:1;i:0;i:2;i:0;i:3;i:0;i:4;i:0;i:5;i:0;i:6;i:0;i:7;i:0;i:8;i:0;i:9;i:0;i:10;i:0;i:11;i:0;i:12;i:0;i:13;i:0;i:14;i:0;i:15;i:0;i:16;i:0;i:17;i:0;i:18;i:0;i:19;i:0;}i:5;a:20:{i:0;i:0;i:1;i:0;i:2;i:0;i:3;i:0;i:4;i:0;i:5;i:0;i:6;i:0;i:7;i:0;i:8;i:0;i:9;i:0;i:10;i:0;i:11;i:0;i:12;i:0;i:13;i:0;i:14;i:0;i:15;i:0;i:16;i:0;i:17;i:0;i:18;i:0;i:19;i:0;}i:6;a:20:{i:0;i:0;i:1;i:0;i:2;i:0;i:3;i:0;i:4;i:0;i:5;i:0;i:6;i:0;i:7;i:0;i:8;i:0;i:9;i:0;i:10;i:0;i:11;i:0;i:12;i:0;i:13;i:0;i:14;i:0;i:15;i:0;i:16;i:0;i:17;i:0;i:18;i:0;i:19;i:0;}i:7;a:20:{i:0;i:0;i:1;i:0;i:2;i:0;i:3;i:0;i:4;i:0;i:5;i:0;i:6;i:0;i:7;i:0;i:8;i:0;i:9;i:0;i:10;i:0;i:11;i:0;i:12;i:0;i:13;i:0;i:14;i:0;i:15;i:0;i:16;i:0;i:17;i:0;i:18;i:0;i:19;i:0;}i:8;a:20:{i:0;i:0;i:1;i:0;i:2;i:0;i:3;i:0;i:4;i:0;i:5;i:0;i:6;i:0;i:7;i:0;i:8;i:0;i:9;i:0;i:10;i:0;i:11;i:0;i:12;i:0;i:13;i:0;i:14;i:0;i:15;i:0;i:16;i:0;i:17;i:0;i:18;i:0;i:19;i:0;}i:9;a:20:{i:0;i:0;i:1;i:0;i:2;i:0;i:3;i:0;i:4;i:0;i:5;i:0;i:6;i:0;i:7;i:0;i:8;i:0;i:9;i:0;i:10;i:0;i:11;i:0;i:12;i:0;i:13;i:0;i:14;i:0;i:15;i:0;i:16;i:0;i:17;i:0;i:18;i:0;i:19;i:0;}i:10;a:20:{i:0;i:0;i:1;i:0;i:2;i:0;i:3;i:0;i:4;i:0;i:5;i:0;i:6;i:0;i:7;i:0;i:8;i:0;i:9;i:0;i:10;i:0;i:11;i:0;i:12;i:0;i:13;i:0;i:14;i:0;i:15;i:0;i:16;i:0;i:17;i:0;i:18;i:0;i:19;i:0;}i:11;a:20:{i:0;i:0;i:1;i:0;i:2;i:0;i:3;i:0;i:4;i:0;i:5;i:0;i:6;i:0;i:7;i:0;i:8;i:0;i:9;i:0;i:10;i:0;i:11;i:0;i:12;i:0;i:13;i:0;i:14;i:0;i:15;i:0;i:16;i:0;i:17;i:0;i:18;i:0;i:19;i:0;}i:12;a:20:{i:0;i:0;i:1;i:0;i:2;i:0;i:3;i:0;i:4;i:0;i:5;i:0;i:6;i:0;i:7;i:0;i:8;i:0;i:9;i:0;i:10;i:0;i:11;i:0;i:12;i:0;i:13;i:0;i:14;i:0;i:15;i:0;i:16;i:0;i:17;i:0;i:18;i:0;i:19;i:0;}i:13;a:20:{i:0;i:0;i:1;i:0;i:2;i:0;i:3;i:0;i:4;i:0;i:5;i:0;i:6;i:0;i:7;i:0;i:8;i:0;i:9;i:0;i:10;i:0;i:11;i:0;i:12;i:0;i:13;i:0;i:14;i:0;i:15;i:0;i:16;i:0;i:17;i:0;i:18;i:0;i:19;i:0;}i:14;a:20:{i:0;i:0;i:1;i:0;i:2;i:0;i:3;i:0;i:4;i:0;i:5;i:0;i:6;i:0;i:7;i:0;i:8;i:0;i:9;i:0;i:10;i:0;i:11;i:0;i:12;i:0;i:13;i:0;i:14;i:0;i:15;i:0;i:16;i:0;i:17;i:0;i:18;i:0;i:19;i:0;}i:15;a:20:{i:0;i:0;i:1;i:0;i:2;i:0;i:3;i:0;i:4;i:0;i:5;i:0;i:6;i:0;i:7;i:0;i:8;i:0;i:9;i:0;i:10;i:0;i:11;i:0;i:12;i:0;i:13;i:0;i:14;i:0;i:15;i:0;i:16;i:0;i:17;i:0;i:18;i:0;i:19;i:0;}i:16;a:20:{i:0;i:0;i:1;i:0;i:2;i:0;i:3;i:0;i:4;i:0;i:5;i:0;i:6;i:0;i:7;i:0;i:8;i:0;i:9;i:0;i:10;i:0;i:11;i:0;i:12;i:0;i:13;i:0;i:14;i:0;i:15;i:0;i:16;i:0;i:17;i:0;i:18;i:0;i:19;i:0;}i:17;a:20:{i:0;i:0;i:1;i:0;i:2;i:0;i:3;i:0;i:4;i:0;i:5;i:0;i:6;i:0;i:7;i:0;i:8;i:0;i:9;i:0;i:10;i:0;i:11;i:0;i:12;i:0;i:13;i:0;i:14;i:0;i:15;i:0;i:16;i:0;i:17;i:0;i:18;i:0;i:19;i:0;}i:18;a:20:{i:0;i:0;i:1;i:0;i:2;i:0;i:3;i:0;i:4;i:0;i:5;i:0;i:6;i:0;i:7;i:0;i:8;i:0;i:9;i:0;i:10;i:0;i:11;i:0;i:12;i:0;i:13;i:0;i:14;i:0;i:15;i:0;i:16;i:0;i:17;i:0;i:18;i:0;i:19;i:0;}i:19;a:20:{i:0;i:0;i:1;i:0;i:2;i:0;i:3;i:0;i:4;i:0;i:5;i:0;i:6;i:0;i:7;i:0;i:8;i:0;i:9;i:0;i:10;i:0;i:11;i:0;i:12;i:0;i:13;i:0;i:14;i:0;i:15;i:0;i:16;i:0;i:17;i:0;i:18;i:0;i:19;i:0;}}', '2025-01-09 18:53:58', '2025-01-09 18:53:58'),
(9, 45, 'a:20:{i:0;a:20:{i:0;i:0;i:1;i:0;i:2;i:0;i:3;i:0;i:4;i:0;i:5;i:0;i:6;i:0;i:7;i:0;i:8;i:0;i:9;i:0;i:10;i:0;i:11;i:0;i:12;i:0;i:13;i:0;i:14;i:0;i:15;i:0;i:16;i:0;i:17;i:0;i:18;i:0;i:19;i:0;}i:1;a:20:{i:0;i:0;i:1;i:0;i:2;i:0;i:3;i:0;i:4;i:0;i:5;i:0;i:6;i:0;i:7;i:0;i:8;i:0;i:9;i:0;i:10;i:0;i:11;i:0;i:12;i:0;i:13;i:0;i:14;i:0;i:15;i:0;i:16;i:0;i:17;i:0;i:18;i:0;i:19;i:0;}i:2;a:20:{i:0;i:0;i:1;i:0;i:2;i:0;i:3;i:0;i:4;i:0;i:5;i:0;i:6;i:0;i:7;i:0;i:8;i:0;i:9;i:0;i:10;i:0;i:11;i:0;i:12;i:0;i:13;i:0;i:14;i:0;i:15;i:0;i:16;i:0;i:17;i:0;i:18;i:0;i:19;i:0;}i:3;a:20:{i:0;i:0;i:1;i:0;i:2;i:0;i:3;i:0;i:4;i:0;i:5;i:0;i:6;i:0;i:7;i:0;i:8;i:0;i:9;i:0;i:10;i:0;i:11;i:0;i:12;i:0;i:13;i:0;i:14;i:0;i:15;i:0;i:16;i:0;i:17;i:0;i:18;i:0;i:19;i:0;}i:4;a:20:{i:0;i:0;i:1;i:0;i:2;i:0;i:3;i:0;i:4;i:0;i:5;i:0;i:6;i:0;i:7;i:0;i:8;i:0;i:9;i:0;i:10;i:0;i:11;i:0;i:12;i:0;i:13;i:0;i:14;i:0;i:15;i:0;i:16;i:0;i:17;i:0;i:18;i:0;i:19;i:0;}i:5;a:20:{i:0;i:0;i:1;i:0;i:2;i:0;i:3;i:0;i:4;i:0;i:5;i:0;i:6;i:0;i:7;i:0;i:8;i:0;i:9;i:0;i:10;i:0;i:11;i:0;i:12;i:0;i:13;i:0;i:14;i:0;i:15;i:0;i:16;i:0;i:17;i:0;i:18;i:0;i:19;i:0;}i:6;a:20:{i:0;i:0;i:1;i:0;i:2;i:0;i:3;i:0;i:4;i:0;i:5;i:0;i:6;i:0;i:7;i:0;i:8;i:0;i:9;i:0;i:10;i:0;i:11;i:0;i:12;i:0;i:13;i:0;i:14;i:0;i:15;i:0;i:16;i:0;i:17;i:0;i:18;i:0;i:19;i:0;}i:7;a:20:{i:0;i:0;i:1;i:0;i:2;i:0;i:3;i:0;i:4;i:0;i:5;i:0;i:6;i:0;i:7;i:0;i:8;i:0;i:9;i:0;i:10;i:0;i:11;i:0;i:12;i:0;i:13;i:0;i:14;i:0;i:15;i:0;i:16;i:0;i:17;i:0;i:18;i:0;i:19;i:0;}i:8;a:20:{i:0;i:0;i:1;i:0;i:2;i:0;i:3;i:0;i:4;i:0;i:5;i:0;i:6;i:0;i:7;i:0;i:8;i:0;i:9;i:0;i:10;i:0;i:11;i:0;i:12;i:0;i:13;i:0;i:14;i:0;i:15;i:0;i:16;i:0;i:17;i:0;i:18;i:0;i:19;i:0;}i:9;a:20:{i:0;i:0;i:1;i:0;i:2;i:0;i:3;i:0;i:4;i:0;i:5;i:0;i:6;i:0;i:7;i:0;i:8;i:0;i:9;i:0;i:10;i:0;i:11;i:0;i:12;i:0;i:13;i:0;i:14;i:0;i:15;i:0;i:16;i:0;i:17;i:0;i:18;i:0;i:19;i:0;}i:10;a:20:{i:0;i:0;i:1;i:0;i:2;i:0;i:3;i:0;i:4;i:0;i:5;i:0;i:6;i:0;i:7;i:0;i:8;i:0;i:9;i:0;i:10;i:0;i:11;i:0;i:12;i:0;i:13;i:0;i:14;i:0;i:15;i:0;i:16;i:0;i:17;i:0;i:18;i:0;i:19;i:0;}i:11;a:20:{i:0;i:0;i:1;i:0;i:2;i:0;i:3;i:0;i:4;i:0;i:5;i:0;i:6;i:0;i:7;i:0;i:8;i:0;i:9;i:0;i:10;i:0;i:11;i:0;i:12;i:0;i:13;i:0;i:14;i:0;i:15;i:0;i:16;i:0;i:17;i:0;i:18;i:0;i:19;i:0;}i:12;a:20:{i:0;i:0;i:1;i:0;i:2;i:0;i:3;i:0;i:4;i:0;i:5;i:0;i:6;i:0;i:7;i:0;i:8;i:0;i:9;i:0;i:10;i:0;i:11;i:0;i:12;i:0;i:13;i:0;i:14;i:0;i:15;i:0;i:16;i:0;i:17;i:0;i:18;i:0;i:19;i:0;}i:13;a:20:{i:0;i:0;i:1;i:0;i:2;i:0;i:3;i:0;i:4;i:0;i:5;i:0;i:6;i:0;i:7;i:0;i:8;i:0;i:9;i:0;i:10;i:0;i:11;i:0;i:12;i:0;i:13;i:0;i:14;i:0;i:15;i:0;i:16;i:0;i:17;i:0;i:18;i:0;i:19;i:0;}i:14;a:20:{i:0;i:0;i:1;i:0;i:2;i:0;i:3;i:0;i:4;i:0;i:5;i:0;i:6;i:0;i:7;i:0;i:8;i:0;i:9;i:0;i:10;i:0;i:11;i:0;i:12;i:0;i:13;i:0;i:14;i:0;i:15;i:0;i:16;i:0;i:17;i:0;i:18;i:0;i:19;i:0;}i:15;a:20:{i:0;i:0;i:1;i:0;i:2;i:0;i:3;i:0;i:4;i:0;i:5;i:0;i:6;i:0;i:7;i:0;i:8;i:0;i:9;i:0;i:10;i:0;i:11;i:0;i:12;i:0;i:13;i:0;i:14;i:0;i:15;i:0;i:16;i:0;i:17;i:0;i:18;i:0;i:19;i:0;}i:16;a:20:{i:0;i:0;i:1;i:0;i:2;i:0;i:3;i:0;i:4;i:0;i:5;i:0;i:6;i:0;i:7;i:0;i:8;i:0;i:9;i:0;i:10;i:0;i:11;i:0;i:12;i:0;i:13;i:0;i:14;i:0;i:15;i:0;i:16;i:0;i:17;i:0;i:18;i:0;i:19;i:0;}i:17;a:20:{i:0;i:0;i:1;i:0;i:2;i:0;i:3;i:0;i:4;i:0;i:5;i:0;i:6;i:0;i:7;i:0;i:8;i:0;i:9;i:0;i:10;i:0;i:11;i:0;i:12;i:0;i:13;i:0;i:14;i:0;i:15;i:0;i:16;i:0;i:17;i:0;i:18;i:0;i:19;i:0;}i:18;a:20:{i:0;i:0;i:1;i:0;i:2;i:0;i:3;i:0;i:4;i:0;i:5;i:0;i:6;i:0;i:7;i:0;i:8;i:0;i:9;i:0;i:10;i:0;i:11;i:0;i:12;i:0;i:13;i:0;i:14;i:0;i:15;i:0;i:16;i:0;i:17;i:0;i:18;i:0;i:19;i:0;}i:19;a:20:{i:0;i:0;i:1;i:0;i:2;i:0;i:3;i:0;i:4;i:0;i:5;i:0;i:6;i:0;i:7;i:0;i:8;i:0;i:9;i:0;i:10;i:0;i:11;i:0;i:12;i:0;i:13;i:0;i:14;i:0;i:15;i:0;i:16;i:0;i:17;i:0;i:18;i:0;i:19;i:0;}}', '2025-01-08 20:09:49', '2025-01-08 20:09:49'),
(8, 45, 'a:20:{i:0;a:20:{i:0;i:0;i:1;i:0;i:2;i:0;i:3;i:0;i:4;i:0;i:5;i:0;i:6;i:0;i:7;i:0;i:8;i:0;i:9;i:0;i:10;i:0;i:11;i:0;i:12;i:0;i:13;i:0;i:14;i:0;i:15;i:0;i:16;i:0;i:17;i:0;i:18;i:0;i:19;i:0;}i:1;a:20:{i:0;i:0;i:1;i:0;i:2;i:0;i:3;i:0;i:4;i:0;i:5;i:0;i:6;i:0;i:7;i:0;i:8;i:0;i:9;i:0;i:10;i:0;i:11;i:0;i:12;i:0;i:13;i:0;i:14;i:0;i:15;i:0;i:16;i:0;i:17;i:0;i:18;i:0;i:19;i:0;}i:2;a:20:{i:0;i:0;i:1;i:0;i:2;i:0;i:3;i:0;i:4;i:0;i:5;i:0;i:6;i:0;i:7;i:0;i:8;i:0;i:9;i:0;i:10;i:0;i:11;i:0;i:12;i:0;i:13;i:0;i:14;i:0;i:15;i:0;i:16;i:0;i:17;i:0;i:18;i:0;i:19;i:0;}i:3;a:20:{i:0;i:0;i:1;i:0;i:2;i:0;i:3;i:0;i:4;i:0;i:5;i:0;i:6;i:0;i:7;i:0;i:8;i:0;i:9;i:0;i:10;i:0;i:11;i:0;i:12;i:0;i:13;i:0;i:14;i:0;i:15;i:0;i:16;i:0;i:17;i:0;i:18;i:0;i:19;i:0;}i:4;a:20:{i:0;i:0;i:1;i:0;i:2;i:0;i:3;i:0;i:4;i:0;i:5;i:0;i:6;i:0;i:7;i:0;i:8;i:0;i:9;i:0;i:10;i:0;i:11;i:0;i:12;i:0;i:13;i:0;i:14;i:0;i:15;i:0;i:16;i:0;i:17;i:0;i:18;i:0;i:19;i:0;}i:5;a:20:{i:0;i:0;i:1;i:0;i:2;i:0;i:3;i:0;i:4;i:0;i:5;i:0;i:6;i:0;i:7;i:0;i:8;i:0;i:9;i:0;i:10;i:0;i:11;i:0;i:12;i:0;i:13;i:0;i:14;i:0;i:15;i:0;i:16;i:0;i:17;i:0;i:18;i:0;i:19;i:0;}i:6;a:20:{i:0;i:0;i:1;i:0;i:2;i:0;i:3;i:0;i:4;i:0;i:5;i:0;i:6;i:0;i:7;i:0;i:8;i:0;i:9;i:0;i:10;i:0;i:11;i:0;i:12;i:0;i:13;i:0;i:14;i:0;i:15;i:0;i:16;i:0;i:17;i:0;i:18;i:0;i:19;i:0;}i:7;a:20:{i:0;i:0;i:1;i:0;i:2;i:0;i:3;i:0;i:4;i:0;i:5;i:0;i:6;i:0;i:7;i:0;i:8;i:0;i:9;i:0;i:10;i:0;i:11;i:0;i:12;i:0;i:13;i:0;i:14;i:0;i:15;i:0;i:16;i:0;i:17;i:0;i:18;i:0;i:19;i:0;}i:8;a:20:{i:0;i:0;i:1;i:0;i:2;i:0;i:3;i:0;i:4;i:0;i:5;i:0;i:6;i:0;i:7;i:0;i:8;i:0;i:9;i:0;i:10;i:0;i:11;i:0;i:12;i:0;i:13;i:0;i:14;i:0;i:15;i:0;i:16;i:0;i:17;i:0;i:18;i:0;i:19;i:0;}i:9;a:20:{i:0;i:0;i:1;i:0;i:2;i:0;i:3;i:0;i:4;i:0;i:5;i:0;i:6;i:0;i:7;i:0;i:8;i:0;i:9;i:0;i:10;i:0;i:11;i:0;i:12;i:0;i:13;i:0;i:14;i:0;i:15;i:0;i:16;i:0;i:17;i:0;i:18;i:0;i:19;i:0;}i:10;a:20:{i:0;i:0;i:1;i:0;i:2;i:0;i:3;i:0;i:4;i:0;i:5;i:0;i:6;i:0;i:7;i:0;i:8;i:0;i:9;i:0;i:10;i:0;i:11;i:0;i:12;i:0;i:13;i:0;i:14;i:0;i:15;i:0;i:16;i:0;i:17;i:0;i:18;i:0;i:19;i:0;}i:11;a:20:{i:0;i:0;i:1;i:0;i:2;i:0;i:3;i:0;i:4;i:0;i:5;i:0;i:6;i:0;i:7;i:0;i:8;i:0;i:9;i:0;i:10;i:0;i:11;i:0;i:12;i:0;i:13;i:0;i:14;i:0;i:15;i:0;i:16;i:0;i:17;i:0;i:18;i:0;i:19;i:0;}i:12;a:20:{i:0;i:0;i:1;i:0;i:2;i:0;i:3;i:0;i:4;i:0;i:5;i:0;i:6;i:0;i:7;i:0;i:8;i:0;i:9;i:0;i:10;i:0;i:11;i:0;i:12;i:0;i:13;i:0;i:14;i:0;i:15;i:0;i:16;i:0;i:17;i:0;i:18;i:0;i:19;i:0;}i:13;a:20:{i:0;i:0;i:1;i:0;i:2;i:0;i:3;i:0;i:4;i:0;i:5;i:0;i:6;i:0;i:7;i:0;i:8;i:0;i:9;i:0;i:10;i:0;i:11;i:0;i:12;i:0;i:13;i:0;i:14;i:0;i:15;i:0;i:16;i:0;i:17;i:0;i:18;i:0;i:19;i:0;}i:14;a:20:{i:0;i:0;i:1;i:0;i:2;i:0;i:3;i:0;i:4;i:0;i:5;i:0;i:6;i:0;i:7;i:0;i:8;i:0;i:9;i:0;i:10;i:0;i:11;i:0;i:12;i:0;i:13;i:0;i:14;i:0;i:15;i:0;i:16;i:0;i:17;i:0;i:18;i:0;i:19;i:0;}i:15;a:20:{i:0;i:0;i:1;i:0;i:2;i:0;i:3;i:0;i:4;i:0;i:5;i:0;i:6;i:0;i:7;i:0;i:8;i:0;i:9;i:0;i:10;i:0;i:11;i:0;i:12;i:0;i:13;i:0;i:14;i:0;i:15;i:0;i:16;i:0;i:17;i:0;i:18;i:0;i:19;i:0;}i:16;a:20:{i:0;i:0;i:1;i:0;i:2;i:0;i:3;i:0;i:4;i:0;i:5;i:0;i:6;i:0;i:7;i:0;i:8;i:0;i:9;i:0;i:10;i:0;i:11;i:0;i:12;i:0;i:13;i:0;i:14;i:0;i:15;i:0;i:16;i:0;i:17;i:0;i:18;i:0;i:19;i:0;}i:17;a:20:{i:0;i:0;i:1;i:0;i:2;i:0;i:3;i:0;i:4;i:0;i:5;i:0;i:6;i:0;i:7;i:0;i:8;i:0;i:9;i:0;i:10;i:0;i:11;i:0;i:12;i:0;i:13;i:0;i:14;i:0;i:15;i:0;i:16;i:0;i:17;i:0;i:18;i:0;i:19;i:0;}i:18;a:20:{i:0;i:0;i:1;i:0;i:2;i:0;i:3;i:0;i:4;i:0;i:5;i:0;i:6;i:0;i:7;i:0;i:8;i:0;i:9;i:0;i:10;i:0;i:11;i:0;i:12;i:0;i:13;i:0;i:14;i:0;i:15;i:0;i:16;i:0;i:17;i:0;i:18;i:0;i:19;i:0;}i:19;a:20:{i:0;i:0;i:1;i:0;i:2;i:0;i:3;i:0;i:4;i:0;i:5;i:0;i:6;i:0;i:7;i:0;i:8;i:0;i:9;i:0;i:10;i:0;i:11;i:0;i:12;i:0;i:13;i:0;i:14;i:0;i:15;i:0;i:16;i:0;i:17;i:0;i:18;i:0;i:19;i:0;}}', '2025-01-08 20:09:38', '2025-01-08 20:09:38'),
(7, 44, 'a:20:{i:0;a:20:{i:0;i:0;i:1;i:0;i:2;i:0;i:3;i:0;i:4;i:0;i:5;i:0;i:6;i:0;i:7;i:0;i:8;i:0;i:9;i:0;i:10;i:0;i:11;i:0;i:12;i:0;i:13;i:0;i:14;i:0;i:15;i:0;i:16;i:0;i:17;i:0;i:18;i:0;i:19;i:0;}i:1;a:20:{i:0;i:0;i:1;i:0;i:2;i:0;i:3;i:0;i:4;i:0;i:5;i:0;i:6;i:0;i:7;i:0;i:8;i:0;i:9;i:0;i:10;i:0;i:11;i:0;i:12;i:0;i:13;i:0;i:14;i:0;i:15;i:0;i:16;i:0;i:17;i:0;i:18;i:0;i:19;i:0;}i:2;a:20:{i:0;i:0;i:1;i:0;i:2;i:0;i:3;i:0;i:4;i:0;i:5;i:0;i:6;i:0;i:7;i:0;i:8;i:0;i:9;i:0;i:10;i:0;i:11;i:0;i:12;i:0;i:13;i:0;i:14;i:0;i:15;i:0;i:16;i:0;i:17;i:0;i:18;i:0;i:19;i:0;}i:3;a:20:{i:0;i:0;i:1;i:0;i:2;i:0;i:3;i:0;i:4;i:0;i:5;i:0;i:6;i:0;i:7;i:0;i:8;i:0;i:9;i:0;i:10;i:0;i:11;i:0;i:12;i:0;i:13;i:0;i:14;i:0;i:15;i:0;i:16;i:0;i:17;i:0;i:18;i:0;i:19;i:0;}i:4;a:20:{i:0;i:0;i:1;i:0;i:2;i:0;i:3;i:0;i:4;i:0;i:5;i:0;i:6;i:0;i:7;i:0;i:8;i:0;i:9;i:0;i:10;i:0;i:11;i:0;i:12;i:0;i:13;i:0;i:14;i:0;i:15;i:0;i:16;i:0;i:17;i:0;i:18;i:0;i:19;i:0;}i:5;a:20:{i:0;i:0;i:1;i:0;i:2;i:0;i:3;i:0;i:4;i:0;i:5;i:0;i:6;i:0;i:7;i:0;i:8;i:0;i:9;i:0;i:10;i:0;i:11;i:0;i:12;i:0;i:13;i:0;i:14;i:0;i:15;i:0;i:16;i:0;i:17;i:0;i:18;i:0;i:19;i:0;}i:6;a:20:{i:0;i:0;i:1;i:0;i:2;i:0;i:3;i:0;i:4;i:0;i:5;i:0;i:6;i:0;i:7;i:0;i:8;i:0;i:9;i:0;i:10;i:0;i:11;i:0;i:12;i:0;i:13;i:0;i:14;i:0;i:15;i:0;i:16;i:0;i:17;i:0;i:18;i:0;i:19;i:0;}i:7;a:20:{i:0;i:0;i:1;i:0;i:2;i:0;i:3;i:0;i:4;i:0;i:5;i:0;i:6;i:0;i:7;i:0;i:8;i:0;i:9;i:0;i:10;i:0;i:11;i:0;i:12;i:0;i:13;i:0;i:14;i:0;i:15;i:0;i:16;i:0;i:17;i:0;i:18;i:0;i:19;i:0;}i:8;a:20:{i:0;i:0;i:1;i:0;i:2;i:0;i:3;i:0;i:4;i:0;i:5;i:0;i:6;i:0;i:7;i:0;i:8;i:0;i:9;i:0;i:10;i:0;i:11;i:0;i:12;i:0;i:13;i:0;i:14;i:0;i:15;i:0;i:16;i:0;i:17;i:0;i:18;i:0;i:19;i:0;}i:9;a:20:{i:0;i:0;i:1;i:0;i:2;i:0;i:3;i:0;i:4;i:0;i:5;i:0;i:6;i:0;i:7;i:0;i:8;i:0;i:9;i:0;i:10;i:0;i:11;i:0;i:12;i:0;i:13;i:0;i:14;i:0;i:15;i:0;i:16;i:0;i:17;i:0;i:18;i:0;i:19;i:0;}i:10;a:20:{i:0;i:0;i:1;i:0;i:2;i:0;i:3;i:0;i:4;i:0;i:5;i:0;i:6;i:0;i:7;i:0;i:8;i:0;i:9;i:0;i:10;i:0;i:11;i:0;i:12;i:0;i:13;i:0;i:14;i:0;i:15;i:0;i:16;i:0;i:17;i:0;i:18;i:0;i:19;i:0;}i:11;a:20:{i:0;i:0;i:1;i:0;i:2;i:0;i:3;i:0;i:4;i:0;i:5;i:0;i:6;i:0;i:7;i:0;i:8;i:0;i:9;i:0;i:10;i:0;i:11;i:0;i:12;i:0;i:13;i:0;i:14;i:0;i:15;i:0;i:16;i:0;i:17;i:0;i:18;i:0;i:19;i:0;}i:12;a:20:{i:0;i:0;i:1;i:0;i:2;i:0;i:3;i:0;i:4;i:0;i:5;i:0;i:6;i:0;i:7;i:0;i:8;i:0;i:9;i:0;i:10;i:0;i:11;i:0;i:12;i:0;i:13;i:0;i:14;i:0;i:15;i:0;i:16;i:0;i:17;i:0;i:18;i:0;i:19;i:0;}i:13;a:20:{i:0;i:0;i:1;i:0;i:2;i:0;i:3;i:0;i:4;i:0;i:5;i:0;i:6;i:0;i:7;i:0;i:8;i:0;i:9;i:0;i:10;i:0;i:11;i:0;i:12;i:0;i:13;i:0;i:14;i:0;i:15;i:0;i:16;i:0;i:17;i:0;i:18;i:0;i:19;i:0;}i:14;a:20:{i:0;i:0;i:1;i:0;i:2;i:0;i:3;i:0;i:4;i:0;i:5;i:0;i:6;i:0;i:7;i:0;i:8;i:0;i:9;i:0;i:10;i:0;i:11;i:0;i:12;i:0;i:13;i:0;i:14;i:0;i:15;i:0;i:16;i:0;i:17;i:0;i:18;i:0;i:19;i:0;}i:15;a:20:{i:0;i:0;i:1;i:0;i:2;i:0;i:3;i:0;i:4;i:0;i:5;i:0;i:6;i:0;i:7;i:0;i:8;i:0;i:9;i:0;i:10;i:0;i:11;i:0;i:12;i:0;i:13;i:0;i:14;i:0;i:15;i:0;i:16;i:0;i:17;i:0;i:18;i:0;i:19;i:0;}i:16;a:20:{i:0;i:0;i:1;i:0;i:2;i:0;i:3;i:0;i:4;i:0;i:5;i:0;i:6;i:0;i:7;i:0;i:8;i:0;i:9;i:0;i:10;i:0;i:11;i:0;i:12;i:0;i:13;i:0;i:14;i:0;i:15;i:0;i:16;i:0;i:17;i:0;i:18;i:0;i:19;i:0;}i:17;a:20:{i:0;i:0;i:1;i:0;i:2;i:0;i:3;i:0;i:4;i:0;i:5;i:0;i:6;i:0;i:7;i:0;i:8;i:0;i:9;i:0;i:10;i:0;i:11;i:0;i:12;i:0;i:13;i:0;i:14;i:0;i:15;i:0;i:16;i:0;i:17;i:0;i:18;i:0;i:19;i:0;}i:18;a:20:{i:0;i:0;i:1;i:0;i:2;i:0;i:3;i:0;i:4;i:0;i:5;i:0;i:6;i:0;i:7;i:0;i:8;i:0;i:9;i:0;i:10;i:0;i:11;i:0;i:12;i:0;i:13;i:0;i:14;i:0;i:15;i:0;i:16;i:0;i:17;i:0;i:18;i:0;i:19;i:0;}i:19;a:20:{i:0;i:0;i:1;i:0;i:2;i:0;i:3;i:0;i:4;i:0;i:5;i:0;i:6;i:0;i:7;i:0;i:8;i:0;i:9;i:0;i:10;i:0;i:11;i:0;i:12;i:0;i:13;i:0;i:14;i:0;i:15;i:0;i:16;i:0;i:17;i:0;i:18;i:0;i:19;i:0;}}', '2025-01-08 09:38:53', '2025-01-08 09:38:53'),
(11, 48, 'a:20:{i:0;a:20:{i:0;i:0;i:1;i:0;i:2;i:0;i:3;i:0;i:4;i:0;i:5;i:0;i:6;i:0;i:7;i:0;i:8;i:0;i:9;i:0;i:10;i:0;i:11;i:0;i:12;i:0;i:13;i:0;i:14;i:0;i:15;i:0;i:16;i:0;i:17;i:0;i:18;i:0;i:19;i:0;}i:1;a:20:{i:0;i:0;i:1;i:0;i:2;i:0;i:3;i:0;i:4;i:0;i:5;i:0;i:6;i:0;i:7;i:0;i:8;i:0;i:9;i:0;i:10;i:0;i:11;i:0;i:12;i:0;i:13;i:0;i:14;i:0;i:15;i:0;i:16;i:0;i:17;i:0;i:18;i:0;i:19;i:0;}i:2;a:20:{i:0;i:0;i:1;i:0;i:2;i:0;i:3;i:0;i:4;i:0;i:5;i:0;i:6;i:0;i:7;i:0;i:8;i:0;i:9;i:0;i:10;i:0;i:11;i:0;i:12;i:0;i:13;i:0;i:14;i:0;i:15;i:0;i:16;i:0;i:17;i:0;i:18;i:0;i:19;i:0;}i:3;a:20:{i:0;i:0;i:1;i:0;i:2;i:0;i:3;i:0;i:4;i:0;i:5;i:0;i:6;i:0;i:7;i:0;i:8;i:0;i:9;i:0;i:10;i:0;i:11;i:0;i:12;i:0;i:13;i:0;i:14;i:0;i:15;i:0;i:16;i:0;i:17;i:0;i:18;i:0;i:19;i:0;}i:4;a:20:{i:0;i:0;i:1;i:0;i:2;i:0;i:3;i:0;i:4;i:0;i:5;i:0;i:6;i:0;i:7;i:0;i:8;i:0;i:9;i:0;i:10;i:0;i:11;i:0;i:12;i:0;i:13;i:0;i:14;i:0;i:15;i:0;i:16;i:0;i:17;i:0;i:18;i:0;i:19;i:0;}i:5;a:20:{i:0;i:0;i:1;i:0;i:2;i:0;i:3;i:0;i:4;i:0;i:5;i:0;i:6;i:0;i:7;i:0;i:8;i:0;i:9;i:0;i:10;i:0;i:11;i:0;i:12;i:0;i:13;i:0;i:14;i:0;i:15;i:0;i:16;i:0;i:17;i:0;i:18;i:0;i:19;i:0;}i:6;a:20:{i:0;i:0;i:1;i:0;i:2;i:0;i:3;i:0;i:4;i:0;i:5;i:0;i:6;i:0;i:7;i:0;i:8;i:0;i:9;i:0;i:10;i:0;i:11;i:0;i:12;i:0;i:13;i:0;i:14;i:0;i:15;i:0;i:16;i:0;i:17;i:0;i:18;i:0;i:19;i:0;}i:7;a:20:{i:0;i:0;i:1;i:0;i:2;i:0;i:3;i:0;i:4;i:0;i:5;i:0;i:6;i:0;i:7;i:0;i:8;i:0;i:9;i:0;i:10;i:0;i:11;i:0;i:12;i:0;i:13;i:0;i:14;i:0;i:15;i:0;i:16;i:0;i:17;i:0;i:18;i:0;i:19;i:0;}i:8;a:20:{i:0;i:0;i:1;i:0;i:2;i:0;i:3;i:0;i:4;i:0;i:5;i:0;i:6;i:0;i:7;i:0;i:8;i:0;i:9;i:0;i:10;i:0;i:11;i:0;i:12;i:0;i:13;i:0;i:14;i:0;i:15;i:0;i:16;i:0;i:17;i:0;i:18;i:0;i:19;i:0;}i:9;a:20:{i:0;i:0;i:1;i:0;i:2;i:0;i:3;i:0;i:4;i:0;i:5;i:0;i:6;i:0;i:7;i:0;i:8;i:0;i:9;i:0;i:10;i:0;i:11;i:0;i:12;i:0;i:13;i:0;i:14;i:0;i:15;i:0;i:16;i:0;i:17;i:0;i:18;i:0;i:19;i:0;}i:10;a:20:{i:0;i:0;i:1;i:0;i:2;i:0;i:3;i:0;i:4;i:0;i:5;i:0;i:6;i:0;i:7;i:0;i:8;i:0;i:9;i:0;i:10;i:0;i:11;i:0;i:12;i:0;i:13;i:0;i:14;i:0;i:15;i:0;i:16;i:0;i:17;i:0;i:18;i:0;i:19;i:0;}i:11;a:20:{i:0;i:0;i:1;i:0;i:2;i:0;i:3;i:0;i:4;i:0;i:5;i:0;i:6;i:0;i:7;i:0;i:8;i:0;i:9;i:0;i:10;i:0;i:11;i:0;i:12;i:0;i:13;i:0;i:14;i:0;i:15;i:0;i:16;i:0;i:17;i:0;i:18;i:0;i:19;i:0;}i:12;a:20:{i:0;i:0;i:1;i:0;i:2;i:0;i:3;i:0;i:4;i:0;i:5;i:0;i:6;i:0;i:7;i:0;i:8;i:0;i:9;i:0;i:10;i:0;i:11;i:0;i:12;i:0;i:13;i:0;i:14;i:0;i:15;i:0;i:16;i:0;i:17;i:0;i:18;i:0;i:19;i:0;}i:13;a:20:{i:0;i:0;i:1;i:0;i:2;i:0;i:3;i:0;i:4;i:0;i:5;i:0;i:6;i:0;i:7;i:0;i:8;i:0;i:9;i:0;i:10;i:0;i:11;i:0;i:12;i:0;i:13;i:0;i:14;i:0;i:15;i:0;i:16;i:0;i:17;i:0;i:18;i:0;i:19;i:0;}i:14;a:20:{i:0;i:0;i:1;i:0;i:2;i:0;i:3;i:0;i:4;i:0;i:5;i:0;i:6;i:0;i:7;i:0;i:8;i:0;i:9;i:0;i:10;i:0;i:11;i:0;i:12;i:0;i:13;i:0;i:14;i:0;i:15;i:0;i:16;i:0;i:17;i:0;i:18;i:0;i:19;i:0;}i:15;a:20:{i:0;i:0;i:1;i:0;i:2;i:0;i:3;i:0;i:4;i:0;i:5;i:0;i:6;i:0;i:7;i:0;i:8;i:0;i:9;i:0;i:10;i:0;i:11;i:0;i:12;i:0;i:13;i:0;i:14;i:0;i:15;i:0;i:16;i:0;i:17;i:0;i:18;i:0;i:19;i:0;}i:16;a:20:{i:0;i:0;i:1;i:0;i:2;i:0;i:3;i:0;i:4;i:0;i:5;i:0;i:6;i:0;i:7;i:0;i:8;i:0;i:9;i:0;i:10;i:0;i:11;i:0;i:12;i:0;i:13;i:0;i:14;i:0;i:15;i:0;i:16;i:0;i:17;i:0;i:18;i:0;i:19;i:0;}i:17;a:20:{i:0;i:0;i:1;i:0;i:2;i:0;i:3;i:0;i:4;i:0;i:5;i:0;i:6;i:0;i:7;i:0;i:8;i:0;i:9;i:0;i:10;i:0;i:11;i:0;i:12;i:0;i:13;i:0;i:14;i:0;i:15;i:0;i:16;i:0;i:17;i:0;i:18;i:0;i:19;i:0;}i:18;a:20:{i:0;i:0;i:1;i:0;i:2;i:0;i:3;i:0;i:4;i:0;i:5;i:0;i:6;i:0;i:7;i:0;i:8;i:0;i:9;i:0;i:10;i:0;i:11;i:0;i:12;i:0;i:13;i:0;i:14;i:0;i:15;i:0;i:16;i:0;i:17;i:0;i:18;i:0;i:19;i:0;}i:19;a:20:{i:0;i:0;i:1;i:0;i:2;i:0;i:3;i:0;i:4;i:0;i:5;i:0;i:6;i:0;i:7;i:0;i:8;i:0;i:9;i:0;i:10;i:0;i:11;i:0;i:12;i:0;i:13;i:0;i:14;i:0;i:15;i:0;i:16;i:0;i:17;i:0;i:18;i:0;i:19;i:0;}}', '2025-01-09 19:54:21', '2025-01-09 19:54:21'),
(12, 49, 'a:20:{i:0;a:20:{i:0;i:0;i:1;i:0;i:2;i:0;i:3;i:0;i:4;i:0;i:5;i:0;i:6;i:0;i:7;i:0;i:8;i:0;i:9;i:0;i:10;i:0;i:11;i:0;i:12;i:0;i:13;i:0;i:14;i:0;i:15;i:0;i:16;i:0;i:17;i:0;i:18;i:0;i:19;i:0;}i:1;a:20:{i:0;i:0;i:1;i:0;i:2;i:0;i:3;i:0;i:4;i:0;i:5;i:0;i:6;i:0;i:7;i:0;i:8;i:0;i:9;i:0;i:10;i:0;i:11;i:0;i:12;i:0;i:13;i:0;i:14;i:0;i:15;i:0;i:16;i:0;i:17;i:0;i:18;i:0;i:19;i:0;}i:2;a:20:{i:0;i:0;i:1;i:0;i:2;i:0;i:3;i:0;i:4;i:0;i:5;i:0;i:6;i:0;i:7;i:0;i:8;i:0;i:9;i:0;i:10;i:0;i:11;i:0;i:12;i:0;i:13;i:0;i:14;i:0;i:15;i:0;i:16;i:0;i:17;i:0;i:18;i:0;i:19;i:0;}i:3;a:20:{i:0;i:0;i:1;i:0;i:2;i:0;i:3;i:0;i:4;i:0;i:5;i:0;i:6;i:0;i:7;i:0;i:8;i:0;i:9;i:0;i:10;i:0;i:11;i:0;i:12;i:0;i:13;i:0;i:14;i:0;i:15;i:0;i:16;i:0;i:17;i:0;i:18;i:0;i:19;i:0;}i:4;a:20:{i:0;i:0;i:1;i:0;i:2;i:0;i:3;i:0;i:4;i:0;i:5;i:0;i:6;i:0;i:7;i:0;i:8;i:0;i:9;i:0;i:10;i:0;i:11;i:0;i:12;i:0;i:13;i:0;i:14;i:0;i:15;i:0;i:16;i:0;i:17;i:0;i:18;i:0;i:19;i:0;}i:5;a:20:{i:0;i:0;i:1;i:0;i:2;i:0;i:3;i:0;i:4;i:0;i:5;i:0;i:6;i:0;i:7;i:0;i:8;i:0;i:9;i:0;i:10;i:0;i:11;i:0;i:12;i:0;i:13;i:0;i:14;i:0;i:15;i:0;i:16;i:0;i:17;i:0;i:18;i:0;i:19;i:0;}i:6;a:20:{i:0;i:0;i:1;i:0;i:2;i:0;i:3;i:0;i:4;i:0;i:5;i:0;i:6;i:0;i:7;i:0;i:8;i:0;i:9;i:0;i:10;i:0;i:11;i:0;i:12;i:0;i:13;i:0;i:14;i:0;i:15;i:0;i:16;i:0;i:17;i:0;i:18;i:0;i:19;i:0;}i:7;a:20:{i:0;i:0;i:1;i:0;i:2;i:0;i:3;i:0;i:4;i:0;i:5;i:0;i:6;i:0;i:7;i:0;i:8;i:0;i:9;i:0;i:10;i:0;i:11;i:0;i:12;i:0;i:13;i:0;i:14;i:0;i:15;i:0;i:16;i:0;i:17;i:0;i:18;i:0;i:19;i:0;}i:8;a:20:{i:0;i:0;i:1;i:0;i:2;i:0;i:3;i:0;i:4;i:0;i:5;i:0;i:6;i:0;i:7;i:0;i:8;i:0;i:9;i:0;i:10;i:0;i:11;i:0;i:12;i:0;i:13;i:0;i:14;i:0;i:15;i:0;i:16;i:0;i:17;i:0;i:18;i:0;i:19;i:0;}i:9;a:20:{i:0;i:0;i:1;i:0;i:2;i:0;i:3;i:0;i:4;i:0;i:5;i:0;i:6;i:0;i:7;i:0;i:8;i:0;i:9;i:0;i:10;i:0;i:11;i:0;i:12;i:0;i:13;i:0;i:14;i:0;i:15;i:0;i:16;i:0;i:17;i:0;i:18;i:0;i:19;i:0;}i:10;a:20:{i:0;i:0;i:1;i:0;i:2;i:0;i:3;i:0;i:4;i:0;i:5;i:0;i:6;i:0;i:7;i:0;i:8;i:0;i:9;i:0;i:10;i:0;i:11;i:0;i:12;i:0;i:13;i:0;i:14;i:0;i:15;i:0;i:16;i:0;i:17;i:0;i:18;i:0;i:19;i:0;}i:11;a:20:{i:0;i:0;i:1;i:0;i:2;i:0;i:3;i:0;i:4;i:0;i:5;i:0;i:6;i:0;i:7;i:0;i:8;i:0;i:9;i:0;i:10;i:0;i:11;i:0;i:12;i:0;i:13;i:0;i:14;i:0;i:15;i:0;i:16;i:0;i:17;i:0;i:18;i:0;i:19;i:0;}i:12;a:20:{i:0;i:0;i:1;i:0;i:2;i:0;i:3;i:0;i:4;i:0;i:5;i:0;i:6;i:0;i:7;i:0;i:8;i:0;i:9;i:0;i:10;i:0;i:11;i:0;i:12;i:0;i:13;i:0;i:14;i:0;i:15;i:0;i:16;i:0;i:17;i:0;i:18;i:0;i:19;i:0;}i:13;a:20:{i:0;i:0;i:1;i:0;i:2;i:0;i:3;i:0;i:4;i:0;i:5;i:0;i:6;i:0;i:7;i:0;i:8;i:0;i:9;i:0;i:10;i:0;i:11;i:0;i:12;i:0;i:13;i:0;i:14;i:0;i:15;i:0;i:16;i:0;i:17;i:0;i:18;i:0;i:19;i:0;}i:14;a:20:{i:0;i:0;i:1;i:0;i:2;i:0;i:3;i:0;i:4;i:0;i:5;i:0;i:6;i:0;i:7;i:0;i:8;i:0;i:9;i:0;i:10;i:0;i:11;i:0;i:12;i:0;i:13;i:0;i:14;i:0;i:15;i:0;i:16;i:0;i:17;i:0;i:18;i:0;i:19;i:0;}i:15;a:20:{i:0;i:0;i:1;i:0;i:2;i:0;i:3;i:0;i:4;i:0;i:5;i:0;i:6;i:0;i:7;i:0;i:8;i:0;i:9;i:0;i:10;i:0;i:11;i:0;i:12;i:0;i:13;i:0;i:14;i:0;i:15;i:0;i:16;i:0;i:17;i:0;i:18;i:0;i:19;i:0;}i:16;a:20:{i:0;i:0;i:1;i:0;i:2;i:0;i:3;i:0;i:4;i:0;i:5;i:0;i:6;i:0;i:7;i:0;i:8;i:0;i:9;i:0;i:10;i:0;i:11;i:0;i:12;i:0;i:13;i:0;i:14;i:0;i:15;i:0;i:16;i:0;i:17;i:0;i:18;i:0;i:19;i:0;}i:17;a:20:{i:0;i:0;i:1;i:0;i:2;i:0;i:3;i:0;i:4;i:0;i:5;i:0;i:6;i:0;i:7;i:0;i:8;i:0;i:9;i:0;i:10;i:0;i:11;i:0;i:12;i:0;i:13;i:0;i:14;i:0;i:15;i:0;i:16;i:0;i:17;i:0;i:18;i:0;i:19;i:0;}i:18;a:20:{i:0;i:0;i:1;i:0;i:2;i:0;i:3;i:0;i:4;i:0;i:5;i:0;i:6;i:0;i:7;i:0;i:8;i:0;i:9;i:0;i:10;i:0;i:11;i:0;i:12;i:0;i:13;i:0;i:14;i:0;i:15;i:0;i:16;i:0;i:17;i:0;i:18;i:0;i:19;i:0;}i:19;a:20:{i:0;i:0;i:1;i:0;i:2;i:0;i:3;i:0;i:4;i:0;i:5;i:0;i:6;i:0;i:7;i:0;i:8;i:0;i:9;i:0;i:10;i:0;i:11;i:0;i:12;i:0;i:13;i:0;i:14;i:0;i:15;i:0;i:16;i:0;i:17;i:0;i:18;i:0;i:19;i:0;}}', '2025-01-09 20:03:14', '2025-01-09 20:03:14'),
(13, 49, 'a:20:{i:0;a:20:{i:0;i:0;i:1;i:0;i:2;i:0;i:3;i:0;i:4;i:0;i:5;i:0;i:6;i:0;i:7;i:0;i:8;i:0;i:9;i:0;i:10;i:0;i:11;i:0;i:12;i:0;i:13;i:0;i:14;i:0;i:15;i:0;i:16;i:0;i:17;i:0;i:18;i:0;i:19;i:0;}i:1;a:20:{i:0;i:0;i:1;i:0;i:2;i:0;i:3;i:0;i:4;i:0;i:5;i:0;i:6;i:0;i:7;i:0;i:8;i:0;i:9;i:0;i:10;i:0;i:11;i:0;i:12;i:0;i:13;i:0;i:14;i:0;i:15;i:0;i:16;i:0;i:17;i:0;i:18;i:0;i:19;i:0;}i:2;a:20:{i:0;i:0;i:1;i:0;i:2;i:0;i:3;i:0;i:4;i:0;i:5;i:0;i:6;i:0;i:7;i:0;i:8;i:0;i:9;i:0;i:10;i:0;i:11;i:0;i:12;i:0;i:13;i:0;i:14;i:0;i:15;i:0;i:16;i:0;i:17;i:0;i:18;i:0;i:19;i:0;}i:3;a:20:{i:0;i:0;i:1;i:0;i:2;i:0;i:3;i:0;i:4;i:0;i:5;i:0;i:6;i:0;i:7;i:0;i:8;i:0;i:9;i:0;i:10;i:0;i:11;i:0;i:12;i:0;i:13;i:0;i:14;i:0;i:15;i:0;i:16;i:0;i:17;i:0;i:18;i:0;i:19;i:0;}i:4;a:20:{i:0;i:0;i:1;i:0;i:2;i:0;i:3;i:0;i:4;i:0;i:5;i:0;i:6;i:0;i:7;i:0;i:8;i:0;i:9;i:0;i:10;i:0;i:11;i:0;i:12;i:0;i:13;i:0;i:14;i:0;i:15;i:0;i:16;i:0;i:17;i:0;i:18;i:0;i:19;i:0;}i:5;a:20:{i:0;i:0;i:1;i:0;i:2;i:0;i:3;i:0;i:4;i:0;i:5;i:0;i:6;i:0;i:7;i:0;i:8;i:0;i:9;i:0;i:10;i:0;i:11;i:0;i:12;i:0;i:13;i:0;i:14;i:0;i:15;i:0;i:16;i:0;i:17;i:0;i:18;i:0;i:19;i:0;}i:6;a:20:{i:0;i:0;i:1;i:0;i:2;i:0;i:3;i:0;i:4;i:0;i:5;i:0;i:6;i:0;i:7;i:0;i:8;i:0;i:9;i:0;i:10;i:0;i:11;i:0;i:12;i:0;i:13;i:0;i:14;i:0;i:15;i:0;i:16;i:0;i:17;i:0;i:18;i:0;i:19;i:0;}i:7;a:20:{i:0;i:0;i:1;i:0;i:2;i:0;i:3;i:0;i:4;i:0;i:5;i:0;i:6;i:0;i:7;i:0;i:8;i:0;i:9;i:0;i:10;i:0;i:11;i:0;i:12;i:0;i:13;i:0;i:14;i:0;i:15;i:0;i:16;i:0;i:17;i:0;i:18;i:0;i:19;i:0;}i:8;a:20:{i:0;i:0;i:1;i:0;i:2;i:0;i:3;i:0;i:4;i:0;i:5;i:0;i:6;i:0;i:7;i:0;i:8;i:0;i:9;i:0;i:10;i:0;i:11;i:0;i:12;i:0;i:13;i:0;i:14;i:0;i:15;i:0;i:16;i:0;i:17;i:0;i:18;i:0;i:19;i:0;}i:9;a:20:{i:0;i:0;i:1;i:0;i:2;i:0;i:3;i:0;i:4;i:0;i:5;i:0;i:6;i:0;i:7;i:0;i:8;i:0;i:9;i:0;i:10;i:0;i:11;i:0;i:12;i:0;i:13;i:0;i:14;i:0;i:15;i:0;i:16;i:0;i:17;i:0;i:18;i:0;i:19;i:0;}i:10;a:20:{i:0;i:0;i:1;i:0;i:2;i:0;i:3;i:0;i:4;i:0;i:5;i:0;i:6;i:0;i:7;i:0;i:8;i:0;i:9;i:0;i:10;i:0;i:11;i:0;i:12;i:0;i:13;i:0;i:14;i:0;i:15;i:0;i:16;i:0;i:17;i:0;i:18;i:0;i:19;i:0;}i:11;a:20:{i:0;i:0;i:1;i:0;i:2;i:0;i:3;i:0;i:4;i:0;i:5;i:0;i:6;i:0;i:7;i:0;i:8;i:0;i:9;i:0;i:10;i:0;i:11;i:0;i:12;i:0;i:13;i:0;i:14;i:0;i:15;i:0;i:16;i:0;i:17;i:0;i:18;i:0;i:19;i:0;}i:12;a:20:{i:0;i:0;i:1;i:0;i:2;i:0;i:3;i:0;i:4;i:0;i:5;i:0;i:6;i:0;i:7;i:0;i:8;i:0;i:9;i:0;i:10;i:0;i:11;i:0;i:12;i:0;i:13;i:0;i:14;i:0;i:15;i:0;i:16;i:0;i:17;i:0;i:18;i:0;i:19;i:0;}i:13;a:20:{i:0;i:0;i:1;i:0;i:2;i:0;i:3;i:0;i:4;i:0;i:5;i:0;i:6;i:0;i:7;i:0;i:8;i:0;i:9;i:0;i:10;i:0;i:11;i:0;i:12;i:0;i:13;i:0;i:14;i:0;i:15;i:0;i:16;i:0;i:17;i:0;i:18;i:0;i:19;i:0;}i:14;a:20:{i:0;i:0;i:1;i:0;i:2;i:0;i:3;i:0;i:4;i:0;i:5;i:0;i:6;i:0;i:7;i:0;i:8;i:0;i:9;i:0;i:10;i:0;i:11;i:0;i:12;i:0;i:13;i:0;i:14;i:0;i:15;i:0;i:16;i:0;i:17;i:0;i:18;i:0;i:19;i:0;}i:15;a:20:{i:0;i:0;i:1;i:0;i:2;i:0;i:3;i:0;i:4;i:0;i:5;i:0;i:6;i:0;i:7;i:0;i:8;i:0;i:9;i:0;i:10;i:0;i:11;i:0;i:12;i:0;i:13;i:0;i:14;i:0;i:15;i:0;i:16;i:0;i:17;i:0;i:18;i:0;i:19;i:0;}i:16;a:20:{i:0;i:0;i:1;i:0;i:2;i:0;i:3;i:0;i:4;i:0;i:5;i:0;i:6;i:0;i:7;i:0;i:8;i:0;i:9;i:0;i:10;i:0;i:11;i:0;i:12;i:0;i:13;i:0;i:14;i:0;i:15;i:0;i:16;i:0;i:17;i:0;i:18;i:0;i:19;i:0;}i:17;a:20:{i:0;i:0;i:1;i:0;i:2;i:0;i:3;i:0;i:4;i:0;i:5;i:0;i:6;i:0;i:7;i:0;i:8;i:0;i:9;i:0;i:10;i:0;i:11;i:0;i:12;i:0;i:13;i:0;i:14;i:0;i:15;i:0;i:16;i:0;i:17;i:0;i:18;i:0;i:19;i:0;}i:18;a:20:{i:0;i:0;i:1;i:0;i:2;i:0;i:3;i:0;i:4;i:0;i:5;i:0;i:6;i:0;i:7;i:0;i:8;i:0;i:9;i:0;i:10;i:0;i:11;i:0;i:12;i:0;i:13;i:0;i:14;i:0;i:15;i:0;i:16;i:0;i:17;i:0;i:18;i:0;i:19;i:0;}i:19;a:20:{i:0;i:0;i:1;i:0;i:2;i:0;i:3;i:0;i:4;i:0;i:5;i:0;i:6;i:0;i:7;i:0;i:8;i:0;i:9;i:0;i:10;i:0;i:11;i:0;i:12;i:0;i:13;i:0;i:14;i:0;i:15;i:0;i:16;i:0;i:17;i:0;i:18;i:0;i:19;i:0;}}', '2025-01-09 20:04:10', '2025-01-09 20:04:10'),
(14, 51, 'a:20:{i:0;a:20:{i:0;i:0;i:1;i:0;i:2;i:0;i:3;i:0;i:4;i:0;i:5;i:0;i:6;i:0;i:7;i:0;i:8;i:0;i:9;i:0;i:10;i:0;i:11;i:0;i:12;i:0;i:13;i:0;i:14;i:0;i:15;i:0;i:16;i:0;i:17;i:0;i:18;i:0;i:19;i:0;}i:1;a:20:{i:0;i:0;i:1;i:0;i:2;i:0;i:3;i:0;i:4;i:0;i:5;i:0;i:6;i:0;i:7;i:0;i:8;i:0;i:9;i:0;i:10;i:0;i:11;i:0;i:12;i:0;i:13;i:0;i:14;i:0;i:15;i:0;i:16;i:0;i:17;i:0;i:18;i:0;i:19;i:0;}i:2;a:20:{i:0;i:0;i:1;i:0;i:2;i:0;i:3;i:0;i:4;i:0;i:5;i:0;i:6;i:0;i:7;i:0;i:8;i:0;i:9;i:0;i:10;i:0;i:11;i:0;i:12;i:0;i:13;i:0;i:14;i:0;i:15;i:0;i:16;i:0;i:17;i:0;i:18;i:0;i:19;i:0;}i:3;a:20:{i:0;i:0;i:1;i:0;i:2;i:0;i:3;i:0;i:4;i:0;i:5;i:0;i:6;i:0;i:7;i:0;i:8;i:0;i:9;i:0;i:10;i:0;i:11;i:0;i:12;i:0;i:13;i:0;i:14;i:0;i:15;i:0;i:16;i:0;i:17;i:0;i:18;i:0;i:19;i:0;}i:4;a:20:{i:0;i:0;i:1;i:0;i:2;i:0;i:3;i:0;i:4;i:0;i:5;i:0;i:6;i:0;i:7;i:0;i:8;i:0;i:9;i:0;i:10;i:0;i:11;i:0;i:12;i:0;i:13;i:0;i:14;i:0;i:15;i:0;i:16;i:0;i:17;i:0;i:18;i:0;i:19;i:0;}i:5;a:20:{i:0;i:0;i:1;i:0;i:2;i:0;i:3;i:0;i:4;i:0;i:5;i:0;i:6;i:0;i:7;i:0;i:8;i:0;i:9;i:0;i:10;i:0;i:11;i:0;i:12;i:0;i:13;i:0;i:14;i:0;i:15;i:0;i:16;i:0;i:17;i:0;i:18;i:0;i:19;i:0;}i:6;a:20:{i:0;i:0;i:1;i:0;i:2;i:0;i:3;i:0;i:4;i:0;i:5;i:0;i:6;i:0;i:7;i:0;i:8;i:0;i:9;i:0;i:10;i:0;i:11;i:0;i:12;i:0;i:13;i:0;i:14;i:0;i:15;i:0;i:16;i:0;i:17;i:0;i:18;i:0;i:19;i:0;}i:7;a:20:{i:0;i:0;i:1;i:0;i:2;i:0;i:3;i:0;i:4;i:0;i:5;i:0;i:6;i:0;i:7;i:0;i:8;i:0;i:9;i:0;i:10;i:0;i:11;i:0;i:12;i:0;i:13;i:0;i:14;i:0;i:15;i:0;i:16;i:0;i:17;i:0;i:18;i:0;i:19;i:0;}i:8;a:20:{i:0;i:0;i:1;i:0;i:2;i:0;i:3;i:0;i:4;i:0;i:5;i:0;i:6;i:0;i:7;i:0;i:8;i:0;i:9;i:0;i:10;i:0;i:11;i:0;i:12;i:0;i:13;i:0;i:14;i:0;i:15;i:0;i:16;i:0;i:17;i:0;i:18;i:0;i:19;i:0;}i:9;a:20:{i:0;i:0;i:1;i:0;i:2;i:0;i:3;i:0;i:4;i:0;i:5;i:0;i:6;i:0;i:7;i:0;i:8;i:0;i:9;i:0;i:10;i:0;i:11;i:0;i:12;i:0;i:13;i:0;i:14;i:0;i:15;i:0;i:16;i:0;i:17;i:0;i:18;i:0;i:19;i:0;}i:10;a:20:{i:0;i:0;i:1;i:0;i:2;i:0;i:3;i:0;i:4;i:0;i:5;i:0;i:6;i:0;i:7;i:0;i:8;i:0;i:9;i:0;i:10;i:0;i:11;i:0;i:12;i:0;i:13;i:0;i:14;i:0;i:15;i:0;i:16;i:0;i:17;i:0;i:18;i:0;i:19;i:0;}i:11;a:20:{i:0;i:0;i:1;i:0;i:2;i:0;i:3;i:0;i:4;i:0;i:5;i:0;i:6;i:0;i:7;i:0;i:8;i:0;i:9;i:0;i:10;i:0;i:11;i:0;i:12;i:0;i:13;i:0;i:14;i:0;i:15;i:0;i:16;i:0;i:17;i:0;i:18;i:0;i:19;i:0;}i:12;a:20:{i:0;i:0;i:1;i:0;i:2;i:0;i:3;i:0;i:4;i:0;i:5;i:0;i:6;i:0;i:7;i:0;i:8;i:0;i:9;i:0;i:10;i:0;i:11;i:0;i:12;i:0;i:13;i:0;i:14;i:0;i:15;i:0;i:16;i:0;i:17;i:0;i:18;i:0;i:19;i:0;}i:13;a:20:{i:0;i:0;i:1;i:0;i:2;i:0;i:3;i:0;i:4;i:0;i:5;i:0;i:6;i:0;i:7;i:0;i:8;i:0;i:9;i:0;i:10;i:0;i:11;i:0;i:12;i:0;i:13;i:0;i:14;i:0;i:15;i:0;i:16;i:0;i:17;i:0;i:18;i:0;i:19;i:0;}i:14;a:20:{i:0;i:0;i:1;i:0;i:2;i:0;i:3;i:0;i:4;i:0;i:5;i:0;i:6;i:0;i:7;i:0;i:8;i:0;i:9;i:0;i:10;i:0;i:11;i:0;i:12;i:0;i:13;i:0;i:14;i:0;i:15;i:0;i:16;i:0;i:17;i:0;i:18;i:0;i:19;i:0;}i:15;a:20:{i:0;i:0;i:1;i:0;i:2;i:0;i:3;i:0;i:4;i:0;i:5;i:0;i:6;i:0;i:7;i:0;i:8;i:0;i:9;i:0;i:10;i:0;i:11;i:0;i:12;i:0;i:13;i:0;i:14;i:0;i:15;i:0;i:16;i:0;i:17;i:0;i:18;i:0;i:19;i:0;}i:16;a:20:{i:0;i:0;i:1;i:0;i:2;i:0;i:3;i:0;i:4;i:0;i:5;i:0;i:6;i:0;i:7;i:0;i:8;i:0;i:9;i:0;i:10;i:0;i:11;i:0;i:12;i:0;i:13;i:0;i:14;i:0;i:15;i:0;i:16;i:0;i:17;i:0;i:18;i:0;i:19;i:0;}i:17;a:20:{i:0;i:0;i:1;i:0;i:2;i:0;i:3;i:0;i:4;i:0;i:5;i:0;i:6;i:0;i:7;i:0;i:8;i:0;i:9;i:0;i:10;i:0;i:11;i:0;i:12;i:0;i:13;i:0;i:14;i:0;i:15;i:0;i:16;i:0;i:17;i:0;i:18;i:0;i:19;i:0;}i:18;a:20:{i:0;i:0;i:1;i:0;i:2;i:0;i:3;i:0;i:4;i:0;i:5;i:0;i:6;i:0;i:7;i:0;i:8;i:0;i:9;i:0;i:10;i:0;i:11;i:0;i:12;i:0;i:13;i:0;i:14;i:0;i:15;i:0;i:16;i:0;i:17;i:0;i:18;i:0;i:19;i:0;}i:19;a:20:{i:0;i:0;i:1;i:0;i:2;i:0;i:3;i:0;i:4;i:0;i:5;i:0;i:6;i:0;i:7;i:0;i:8;i:0;i:9;i:0;i:10;i:0;i:11;i:0;i:12;i:0;i:13;i:0;i:14;i:0;i:15;i:0;i:16;i:0;i:17;i:0;i:18;i:0;i:19;i:0;}}', '2025-01-09 20:22:26', '2025-01-09 20:22:26'),
(15, 51, 'a:20:{i:0;a:20:{i:0;i:0;i:1;i:0;i:2;i:0;i:3;i:0;i:4;i:0;i:5;i:0;i:6;i:0;i:7;i:0;i:8;i:0;i:9;i:0;i:10;i:0;i:11;i:0;i:12;i:0;i:13;i:0;i:14;i:0;i:15;i:0;i:16;i:0;i:17;i:0;i:18;i:0;i:19;i:0;}i:1;a:20:{i:0;i:0;i:1;i:0;i:2;i:0;i:3;i:0;i:4;i:0;i:5;i:0;i:6;i:0;i:7;i:0;i:8;i:0;i:9;i:0;i:10;i:0;i:11;i:0;i:12;i:0;i:13;i:0;i:14;i:0;i:15;i:0;i:16;i:0;i:17;i:0;i:18;i:0;i:19;i:0;}i:2;a:20:{i:0;i:0;i:1;i:0;i:2;i:0;i:3;i:0;i:4;i:0;i:5;i:0;i:6;i:0;i:7;i:0;i:8;i:0;i:9;i:0;i:10;i:0;i:11;i:0;i:12;i:0;i:13;i:0;i:14;i:0;i:15;i:0;i:16;i:0;i:17;i:0;i:18;i:0;i:19;i:0;}i:3;a:20:{i:0;i:0;i:1;i:0;i:2;i:0;i:3;i:0;i:4;i:0;i:5;i:0;i:6;i:0;i:7;i:0;i:8;i:0;i:9;i:0;i:10;i:0;i:11;i:0;i:12;i:0;i:13;i:0;i:14;i:0;i:15;i:0;i:16;i:0;i:17;i:0;i:18;i:0;i:19;i:0;}i:4;a:20:{i:0;i:0;i:1;i:0;i:2;i:0;i:3;i:0;i:4;i:0;i:5;i:0;i:6;i:0;i:7;i:0;i:8;i:0;i:9;i:0;i:10;i:0;i:11;i:0;i:12;i:0;i:13;i:0;i:14;i:0;i:15;i:0;i:16;i:0;i:17;i:0;i:18;i:0;i:19;i:0;}i:5;a:20:{i:0;i:0;i:1;i:0;i:2;i:0;i:3;i:0;i:4;i:0;i:5;i:0;i:6;i:0;i:7;i:0;i:8;i:0;i:9;i:0;i:10;i:0;i:11;i:0;i:12;i:0;i:13;i:0;i:14;i:0;i:15;i:0;i:16;i:0;i:17;i:0;i:18;i:0;i:19;i:0;}i:6;a:20:{i:0;i:0;i:1;i:0;i:2;i:0;i:3;i:0;i:4;i:0;i:5;i:0;i:6;i:0;i:7;i:0;i:8;i:0;i:9;i:0;i:10;i:0;i:11;i:0;i:12;i:0;i:13;i:0;i:14;i:0;i:15;i:0;i:16;i:0;i:17;i:0;i:18;i:0;i:19;i:0;}i:7;a:20:{i:0;i:0;i:1;i:0;i:2;i:0;i:3;i:0;i:4;i:0;i:5;i:0;i:6;i:0;i:7;i:0;i:8;i:0;i:9;i:0;i:10;i:0;i:11;i:0;i:12;i:0;i:13;i:0;i:14;i:0;i:15;i:0;i:16;i:0;i:17;i:0;i:18;i:0;i:19;i:0;}i:8;a:20:{i:0;i:0;i:1;i:0;i:2;i:0;i:3;i:0;i:4;i:0;i:5;i:0;i:6;i:0;i:7;i:0;i:8;i:0;i:9;i:0;i:10;i:0;i:11;i:0;i:12;i:0;i:13;i:0;i:14;i:0;i:15;i:0;i:16;i:0;i:17;i:0;i:18;i:0;i:19;i:0;}i:9;a:20:{i:0;i:0;i:1;i:0;i:2;i:0;i:3;i:0;i:4;i:0;i:5;i:0;i:6;i:0;i:7;i:0;i:8;i:0;i:9;i:0;i:10;i:0;i:11;i:0;i:12;i:0;i:13;i:0;i:14;i:0;i:15;i:0;i:16;i:0;i:17;i:0;i:18;i:0;i:19;i:0;}i:10;a:20:{i:0;i:0;i:1;i:0;i:2;i:0;i:3;i:0;i:4;i:0;i:5;i:0;i:6;i:0;i:7;i:0;i:8;i:0;i:9;i:0;i:10;i:0;i:11;i:0;i:12;i:0;i:13;i:0;i:14;i:0;i:15;i:0;i:16;i:0;i:17;i:0;i:18;i:0;i:19;i:0;}i:11;a:20:{i:0;i:0;i:1;i:0;i:2;i:0;i:3;i:0;i:4;i:0;i:5;i:0;i:6;i:0;i:7;i:0;i:8;i:0;i:9;i:0;i:10;i:0;i:11;i:0;i:12;i:0;i:13;i:0;i:14;i:0;i:15;i:0;i:16;i:0;i:17;i:0;i:18;i:0;i:19;i:0;}i:12;a:20:{i:0;i:0;i:1;i:0;i:2;i:0;i:3;i:0;i:4;i:0;i:5;i:0;i:6;i:0;i:7;i:0;i:8;i:0;i:9;i:0;i:10;i:0;i:11;i:0;i:12;i:0;i:13;i:0;i:14;i:0;i:15;i:0;i:16;i:0;i:17;i:0;i:18;i:0;i:19;i:0;}i:13;a:20:{i:0;i:0;i:1;i:0;i:2;i:0;i:3;i:0;i:4;i:0;i:5;i:0;i:6;i:0;i:7;i:0;i:8;i:0;i:9;i:0;i:10;i:0;i:11;i:0;i:12;i:0;i:13;i:0;i:14;i:0;i:15;i:0;i:16;i:0;i:17;i:0;i:18;i:0;i:19;i:0;}i:14;a:20:{i:0;i:0;i:1;i:0;i:2;i:0;i:3;i:0;i:4;i:0;i:5;i:0;i:6;i:0;i:7;i:0;i:8;i:0;i:9;i:0;i:10;i:0;i:11;i:0;i:12;i:0;i:13;i:0;i:14;i:0;i:15;i:0;i:16;i:0;i:17;i:0;i:18;i:0;i:19;i:0;}i:15;a:20:{i:0;i:0;i:1;i:0;i:2;i:0;i:3;i:0;i:4;i:0;i:5;i:0;i:6;i:0;i:7;i:0;i:8;i:0;i:9;i:0;i:10;i:0;i:11;i:0;i:12;i:0;i:13;i:0;i:14;i:0;i:15;i:0;i:16;i:0;i:17;i:0;i:18;i:0;i:19;i:0;}i:16;a:20:{i:0;i:0;i:1;i:0;i:2;i:0;i:3;i:0;i:4;i:0;i:5;i:0;i:6;i:0;i:7;i:0;i:8;i:0;i:9;i:0;i:10;i:0;i:11;i:0;i:12;i:0;i:13;i:0;i:14;i:0;i:15;i:0;i:16;i:0;i:17;i:0;i:18;i:0;i:19;i:0;}i:17;a:20:{i:0;i:0;i:1;i:0;i:2;i:0;i:3;i:0;i:4;i:0;i:5;i:0;i:6;i:0;i:7;i:0;i:8;i:0;i:9;i:0;i:10;i:0;i:11;i:0;i:12;i:0;i:13;i:0;i:14;i:0;i:15;i:0;i:16;i:0;i:17;i:0;i:18;i:0;i:19;i:0;}i:18;a:20:{i:0;i:0;i:1;i:0;i:2;i:0;i:3;i:0;i:4;i:0;i:5;i:0;i:6;i:0;i:7;i:0;i:8;i:0;i:9;i:0;i:10;i:0;i:11;i:0;i:12;i:0;i:13;i:0;i:14;i:0;i:15;i:0;i:16;i:0;i:17;i:0;i:18;i:0;i:19;i:0;}i:19;a:20:{i:0;i:0;i:1;i:0;i:2;i:0;i:3;i:0;i:4;i:0;i:5;i:0;i:6;i:0;i:7;i:0;i:8;i:0;i:9;i:0;i:10;i:0;i:11;i:0;i:12;i:0;i:13;i:0;i:14;i:0;i:15;i:0;i:16;i:0;i:17;i:0;i:18;i:0;i:19;i:0;}}', '2025-01-09 20:32:33', '2025-01-09 20:32:33'),
(16, 52, 'a:20:{i:0;a:20:{i:0;i:0;i:1;i:0;i:2;i:0;i:3;i:0;i:4;i:0;i:5;i:0;i:6;i:0;i:7;i:0;i:8;i:0;i:9;i:0;i:10;i:0;i:11;i:0;i:12;i:0;i:13;i:0;i:14;i:0;i:15;i:0;i:16;i:0;i:17;i:0;i:18;i:0;i:19;i:0;}i:1;a:20:{i:0;i:0;i:1;i:0;i:2;i:0;i:3;i:0;i:4;i:0;i:5;i:0;i:6;i:0;i:7;i:0;i:8;i:0;i:9;i:0;i:10;i:0;i:11;i:0;i:12;i:0;i:13;i:0;i:14;i:0;i:15;i:0;i:16;i:0;i:17;i:0;i:18;i:0;i:19;i:0;}i:2;a:20:{i:0;i:0;i:1;i:0;i:2;i:0;i:3;i:0;i:4;i:0;i:5;i:0;i:6;i:0;i:7;i:0;i:8;i:0;i:9;i:0;i:10;i:0;i:11;i:0;i:12;i:0;i:13;i:0;i:14;i:0;i:15;i:0;i:16;i:0;i:17;i:0;i:18;i:0;i:19;i:0;}i:3;a:20:{i:0;i:0;i:1;i:0;i:2;i:0;i:3;i:0;i:4;i:0;i:5;i:0;i:6;i:0;i:7;i:0;i:8;i:0;i:9;i:0;i:10;i:0;i:11;i:0;i:12;i:0;i:13;i:0;i:14;i:0;i:15;i:0;i:16;i:0;i:17;i:0;i:18;i:0;i:19;i:0;}i:4;a:20:{i:0;i:0;i:1;i:0;i:2;i:0;i:3;i:0;i:4;i:0;i:5;i:0;i:6;i:0;i:7;i:0;i:8;i:0;i:9;i:0;i:10;i:0;i:11;i:0;i:12;i:0;i:13;i:0;i:14;i:0;i:15;i:0;i:16;i:0;i:17;i:0;i:18;i:0;i:19;i:0;}i:5;a:20:{i:0;i:0;i:1;i:0;i:2;i:0;i:3;i:0;i:4;i:0;i:5;i:0;i:6;i:0;i:7;i:0;i:8;i:0;i:9;i:0;i:10;i:0;i:11;i:0;i:12;i:0;i:13;i:0;i:14;i:0;i:15;i:0;i:16;i:0;i:17;i:0;i:18;i:0;i:19;i:0;}i:6;a:20:{i:0;i:0;i:1;i:0;i:2;i:0;i:3;i:0;i:4;i:0;i:5;i:0;i:6;i:0;i:7;i:0;i:8;i:0;i:9;i:0;i:10;i:0;i:11;i:0;i:12;i:0;i:13;i:0;i:14;i:0;i:15;i:0;i:16;i:0;i:17;i:0;i:18;i:0;i:19;i:0;}i:7;a:20:{i:0;i:0;i:1;i:0;i:2;i:0;i:3;i:0;i:4;i:0;i:5;i:0;i:6;i:0;i:7;i:0;i:8;i:0;i:9;i:0;i:10;i:0;i:11;i:0;i:12;i:0;i:13;i:0;i:14;i:0;i:15;i:0;i:16;i:0;i:17;i:0;i:18;i:0;i:19;i:0;}i:8;a:20:{i:0;i:0;i:1;i:0;i:2;i:0;i:3;i:0;i:4;i:0;i:5;i:0;i:6;i:0;i:7;i:0;i:8;i:0;i:9;i:0;i:10;i:0;i:11;i:0;i:12;i:0;i:13;i:0;i:14;i:0;i:15;i:0;i:16;i:0;i:17;i:0;i:18;i:0;i:19;i:0;}i:9;a:20:{i:0;i:0;i:1;i:0;i:2;i:0;i:3;i:0;i:4;i:0;i:5;i:0;i:6;i:0;i:7;i:0;i:8;i:0;i:9;i:0;i:10;i:0;i:11;i:0;i:12;i:0;i:13;i:0;i:14;i:0;i:15;i:0;i:16;i:0;i:17;i:0;i:18;i:0;i:19;i:0;}i:10;a:20:{i:0;i:0;i:1;i:0;i:2;i:0;i:3;i:0;i:4;i:0;i:5;i:0;i:6;i:0;i:7;i:0;i:8;i:0;i:9;i:0;i:10;i:0;i:11;i:0;i:12;i:0;i:13;i:0;i:14;i:0;i:15;i:0;i:16;i:0;i:17;i:0;i:18;i:0;i:19;i:0;}i:11;a:20:{i:0;i:0;i:1;i:0;i:2;i:0;i:3;i:0;i:4;i:0;i:5;i:0;i:6;i:0;i:7;i:0;i:8;i:0;i:9;i:0;i:10;i:0;i:11;i:0;i:12;i:0;i:13;i:0;i:14;i:0;i:15;i:0;i:16;i:0;i:17;i:0;i:18;i:0;i:19;i:0;}i:12;a:20:{i:0;i:0;i:1;i:0;i:2;i:0;i:3;i:0;i:4;i:0;i:5;i:0;i:6;i:0;i:7;i:0;i:8;i:0;i:9;i:0;i:10;i:0;i:11;i:0;i:12;i:0;i:13;i:0;i:14;i:0;i:15;i:0;i:16;i:0;i:17;i:0;i:18;i:0;i:19;i:0;}i:13;a:20:{i:0;i:0;i:1;i:0;i:2;i:0;i:3;i:0;i:4;i:0;i:5;i:0;i:6;i:0;i:7;i:0;i:8;i:0;i:9;i:0;i:10;i:0;i:11;i:0;i:12;i:0;i:13;i:0;i:14;i:0;i:15;i:0;i:16;i:0;i:17;i:0;i:18;i:0;i:19;i:0;}i:14;a:20:{i:0;i:0;i:1;i:0;i:2;i:0;i:3;i:0;i:4;i:0;i:5;i:0;i:6;i:0;i:7;i:0;i:8;i:0;i:9;i:0;i:10;i:0;i:11;i:0;i:12;i:0;i:13;i:0;i:14;i:0;i:15;i:0;i:16;i:0;i:17;i:0;i:18;i:0;i:19;i:0;}i:15;a:20:{i:0;i:0;i:1;i:0;i:2;i:0;i:3;i:0;i:4;i:0;i:5;i:0;i:6;i:0;i:7;i:0;i:8;i:0;i:9;i:0;i:10;i:0;i:11;i:0;i:12;i:0;i:13;i:0;i:14;i:0;i:15;i:0;i:16;i:0;i:17;i:0;i:18;i:0;i:19;i:0;}i:16;a:20:{i:0;i:0;i:1;i:0;i:2;i:0;i:3;i:0;i:4;i:0;i:5;i:0;i:6;i:0;i:7;i:0;i:8;i:0;i:9;i:0;i:10;i:0;i:11;i:0;i:12;i:0;i:13;i:0;i:14;i:0;i:15;i:0;i:16;i:0;i:17;i:0;i:18;i:0;i:19;i:0;}i:17;a:20:{i:0;i:0;i:1;i:0;i:2;i:0;i:3;i:0;i:4;i:0;i:5;i:0;i:6;i:0;i:7;i:0;i:8;i:0;i:9;i:0;i:10;i:0;i:11;i:0;i:12;i:0;i:13;i:0;i:14;i:0;i:15;i:0;i:16;i:0;i:17;i:0;i:18;i:0;i:19;i:0;}i:18;a:20:{i:0;i:0;i:1;i:0;i:2;i:0;i:3;i:0;i:4;i:0;i:5;i:0;i:6;i:0;i:7;i:0;i:8;i:0;i:9;i:0;i:10;i:0;i:11;i:0;i:12;i:0;i:13;i:0;i:14;i:0;i:15;i:0;i:16;i:0;i:17;i:0;i:18;i:0;i:19;i:0;}i:19;a:20:{i:0;i:0;i:1;i:0;i:2;i:0;i:3;i:0;i:4;i:0;i:5;i:0;i:6;i:0;i:7;i:0;i:8;i:0;i:9;i:0;i:10;i:0;i:11;i:0;i:12;i:0;i:13;i:0;i:14;i:0;i:15;i:0;i:16;i:0;i:17;i:0;i:18;i:0;i:19;i:0;}}', '2025-01-09 20:40:43', '2025-01-09 20:40:43'),
(17, 53, 'a:20:{i:0;a:20:{i:0;i:0;i:1;i:0;i:2;i:0;i:3;i:0;i:4;i:0;i:5;i:0;i:6;i:0;i:7;i:0;i:8;i:0;i:9;i:0;i:10;i:0;i:11;i:0;i:12;i:0;i:13;i:0;i:14;i:0;i:15;i:0;i:16;i:0;i:17;i:0;i:18;i:0;i:19;i:0;}i:1;a:20:{i:0;i:0;i:1;i:0;i:2;i:0;i:3;i:0;i:4;i:0;i:5;i:0;i:6;i:0;i:7;i:0;i:8;i:0;i:9;i:0;i:10;i:0;i:11;i:0;i:12;i:0;i:13;i:0;i:14;i:0;i:15;i:0;i:16;i:0;i:17;i:0;i:18;i:0;i:19;i:0;}i:2;a:20:{i:0;i:0;i:1;i:0;i:2;i:0;i:3;i:0;i:4;i:0;i:5;i:0;i:6;i:0;i:7;i:0;i:8;i:0;i:9;i:0;i:10;i:0;i:11;i:0;i:12;i:0;i:13;i:0;i:14;i:0;i:15;i:0;i:16;i:0;i:17;i:0;i:18;i:0;i:19;i:0;}i:3;a:20:{i:0;i:0;i:1;i:0;i:2;i:0;i:3;i:0;i:4;i:0;i:5;i:0;i:6;i:0;i:7;i:0;i:8;i:0;i:9;i:0;i:10;i:0;i:11;i:0;i:12;i:0;i:13;i:0;i:14;i:0;i:15;i:0;i:16;i:0;i:17;i:0;i:18;i:0;i:19;i:0;}i:4;a:20:{i:0;i:0;i:1;i:0;i:2;i:0;i:3;i:0;i:4;i:0;i:5;i:0;i:6;i:0;i:7;i:0;i:8;i:0;i:9;i:0;i:10;i:0;i:11;i:0;i:12;i:0;i:13;i:0;i:14;i:0;i:15;i:0;i:16;i:0;i:17;i:0;i:18;i:0;i:19;i:0;}i:5;a:20:{i:0;i:0;i:1;i:0;i:2;i:0;i:3;i:0;i:4;i:0;i:5;i:0;i:6;i:0;i:7;i:0;i:8;i:0;i:9;i:0;i:10;i:0;i:11;i:0;i:12;i:0;i:13;i:0;i:14;i:0;i:15;i:0;i:16;i:0;i:17;i:0;i:18;i:0;i:19;i:0;}i:6;a:20:{i:0;i:0;i:1;i:0;i:2;i:0;i:3;i:0;i:4;i:0;i:5;i:0;i:6;i:0;i:7;i:0;i:8;i:0;i:9;i:0;i:10;i:0;i:11;i:0;i:12;i:0;i:13;i:0;i:14;i:0;i:15;i:0;i:16;i:0;i:17;i:0;i:18;i:0;i:19;i:0;}i:7;a:20:{i:0;i:0;i:1;i:0;i:2;i:0;i:3;i:0;i:4;i:0;i:5;i:0;i:6;i:0;i:7;i:0;i:8;i:0;i:9;i:0;i:10;i:0;i:11;i:0;i:12;i:0;i:13;i:0;i:14;i:0;i:15;i:0;i:16;i:0;i:17;i:0;i:18;i:0;i:19;i:0;}i:8;a:20:{i:0;i:0;i:1;i:0;i:2;i:0;i:3;i:0;i:4;i:0;i:5;i:0;i:6;i:0;i:7;i:0;i:8;i:0;i:9;i:0;i:10;i:0;i:11;i:0;i:12;i:0;i:13;i:0;i:14;i:0;i:15;i:0;i:16;i:0;i:17;i:0;i:18;i:0;i:19;i:0;}i:9;a:20:{i:0;i:0;i:1;i:0;i:2;i:0;i:3;i:0;i:4;i:0;i:5;i:0;i:6;i:0;i:7;i:0;i:8;i:0;i:9;i:0;i:10;i:0;i:11;i:0;i:12;i:0;i:13;i:0;i:14;i:0;i:15;i:0;i:16;i:0;i:17;i:0;i:18;i:0;i:19;i:0;}i:10;a:20:{i:0;i:0;i:1;i:0;i:2;i:0;i:3;i:0;i:4;i:0;i:5;i:0;i:6;i:0;i:7;i:0;i:8;i:0;i:9;i:0;i:10;i:0;i:11;i:0;i:12;i:0;i:13;i:0;i:14;i:0;i:15;i:0;i:16;i:0;i:17;i:0;i:18;i:0;i:19;i:0;}i:11;a:20:{i:0;i:0;i:1;i:0;i:2;i:0;i:3;i:0;i:4;i:0;i:5;i:0;i:6;i:0;i:7;i:0;i:8;i:0;i:9;i:0;i:10;i:0;i:11;i:0;i:12;i:0;i:13;i:0;i:14;i:0;i:15;i:0;i:16;i:0;i:17;i:0;i:18;i:0;i:19;i:0;}i:12;a:20:{i:0;i:0;i:1;i:0;i:2;i:0;i:3;i:0;i:4;i:0;i:5;i:0;i:6;i:0;i:7;i:0;i:8;i:0;i:9;i:0;i:10;i:0;i:11;i:0;i:12;i:0;i:13;i:0;i:14;i:0;i:15;i:0;i:16;i:0;i:17;i:0;i:18;i:0;i:19;i:0;}i:13;a:20:{i:0;i:0;i:1;i:0;i:2;i:0;i:3;i:0;i:4;i:0;i:5;i:0;i:6;i:0;i:7;i:0;i:8;i:0;i:9;i:0;i:10;i:0;i:11;i:0;i:12;i:0;i:13;i:0;i:14;i:0;i:15;i:0;i:16;i:0;i:17;i:0;i:18;i:0;i:19;i:0;}i:14;a:20:{i:0;i:0;i:1;i:0;i:2;i:0;i:3;i:0;i:4;i:0;i:5;i:0;i:6;i:0;i:7;i:0;i:8;i:0;i:9;i:0;i:10;i:0;i:11;i:0;i:12;i:0;i:13;i:0;i:14;i:0;i:15;i:0;i:16;i:0;i:17;i:0;i:18;i:0;i:19;i:0;}i:15;a:20:{i:0;i:0;i:1;i:0;i:2;i:0;i:3;i:0;i:4;i:0;i:5;i:0;i:6;i:0;i:7;i:0;i:8;i:0;i:9;i:0;i:10;i:0;i:11;i:0;i:12;i:0;i:13;i:0;i:14;i:0;i:15;i:0;i:16;i:0;i:17;i:0;i:18;i:0;i:19;i:0;}i:16;a:20:{i:0;i:0;i:1;i:0;i:2;i:0;i:3;i:0;i:4;i:0;i:5;i:0;i:6;i:0;i:7;i:0;i:8;i:0;i:9;i:0;i:10;i:0;i:11;i:0;i:12;i:0;i:13;i:0;i:14;i:0;i:15;i:0;i:16;i:0;i:17;i:0;i:18;i:0;i:19;i:0;}i:17;a:20:{i:0;i:0;i:1;i:0;i:2;i:0;i:3;i:0;i:4;i:0;i:5;i:0;i:6;i:0;i:7;i:0;i:8;i:0;i:9;i:0;i:10;i:0;i:11;i:0;i:12;i:0;i:13;i:0;i:14;i:0;i:15;i:0;i:16;i:0;i:17;i:0;i:18;i:0;i:19;i:0;}i:18;a:20:{i:0;i:0;i:1;i:0;i:2;i:0;i:3;i:0;i:4;i:0;i:5;i:0;i:6;i:0;i:7;i:0;i:8;i:0;i:9;i:0;i:10;i:0;i:11;i:0;i:12;i:0;i:13;i:0;i:14;i:0;i:15;i:0;i:16;i:0;i:17;i:0;i:18;i:0;i:19;i:0;}i:19;a:20:{i:0;i:0;i:1;i:0;i:2;i:0;i:3;i:0;i:4;i:0;i:5;i:0;i:6;i:0;i:7;i:0;i:8;i:0;i:9;i:0;i:10;i:0;i:11;i:0;i:12;i:0;i:13;i:0;i:14;i:0;i:15;i:0;i:16;i:0;i:17;i:0;i:18;i:0;i:19;i:0;}}', '2025-01-10 15:56:48', '2025-01-10 15:56:48'),
(18, 54, 'a:2:{s:6:\"status\";s:5:\"error\";s:7:\"message\";s:50:\"Invalid placement: Position 4, 7 already occupied.\";}', '2025-01-10 15:59:24', '2025-01-10 19:41:13'),
(19, 55, 'a:2:{s:6:\"status\";s:5:\"error\";s:7:\"message\";s:50:\"Invalid placement: Position 7, 6 already occupied.\";}', '2025-01-10 19:45:11', '2025-01-10 19:45:20'),
(20, 56, 'a:2:{s:6:\"status\";s:5:\"error\";s:7:\"message\";s:50:\"Invalid placement: Position 9, 8 already occupied.\";}', '2025-01-10 20:11:02', '2025-01-10 20:11:27');

-- --------------------------------------------------------

--
-- Table structure for table `game`
--

DROP TABLE IF EXISTS `game`;
CREATE TABLE IF NOT EXISTS `game` (
  `game_id` int NOT NULL AUTO_INCREMENT,
  `player1_id` int NOT NULL,
  `player2_id` int DEFAULT NULL,
  `player3_id` int DEFAULT NULL,
  `player4_id` int DEFAULT NULL,
  `game_type` enum('2p','4p') COLLATE utf8mb4_general_ci DEFAULT NULL,
  `player1_ready` tinyint(1) NOT NULL,
  `player2_ready` tinyint(1) NOT NULL,
  `player3_ready` tinyint(1) NOT NULL,
  `player4_ready` tinyint(1) NOT NULL,
  `player1_color` enum('y','r','g','b','yr','yg','yb','gb','rb','rg') COLLATE utf8mb4_general_ci DEFAULT NULL,
  `player2_color` enum('y','r','g','b','yr','yg','yb','gb','rb','rg') COLLATE utf8mb4_general_ci DEFAULT NULL,
  `player3_color` enum('y','r','g','b','yr','yg','yb','gb','rb','rg') COLLATE utf8mb4_general_ci DEFAULT NULL,
  `player4_color` enum('y','r','g','b','yr','yg','yb','gb','rb','rg') COLLATE utf8mb4_general_ci DEFAULT NULL,
  `created` timestamp NULL DEFAULT NULL,
  `updated` timestamp NULL DEFAULT NULL,
  PRIMARY KEY (`game_id`)
) ENGINE=MyISAM AUTO_INCREMENT=57 DEFAULT CHARSET=utf8mb4 COLLATE=utf8mb4_general_ci;

--
-- Dumping data for table `game`
--

INSERT INTO `game` (`game_id`, `player1_id`, `player2_id`, `player3_id`, `player4_id`, `game_type`, `player1_ready`, `player2_ready`, `player3_ready`, `player4_ready`, `player1_color`, `player2_color`, `player3_color`, `player4_color`, `created`, `updated`) VALUES
(20, 6, NULL, NULL, NULL, '2p', 0, 0, 0, 0, NULL, NULL, NULL, NULL, NULL, NULL),
(19, 6, NULL, NULL, NULL, '2p', 0, 0, 0, 0, NULL, NULL, NULL, NULL, NULL, NULL),
(18, 7, NULL, NULL, NULL, '2p', 0, 0, 0, 0, NULL, NULL, NULL, NULL, NULL, NULL),
(17, 7, NULL, NULL, NULL, '2p', 0, 0, 0, 0, NULL, NULL, NULL, NULL, NULL, NULL),
(16, 7, NULL, NULL, NULL, '2p', 0, 0, 0, 0, NULL, NULL, NULL, NULL, NULL, NULL),
(15, 7, NULL, NULL, NULL, '2p', 0, 0, 0, 0, NULL, NULL, NULL, NULL, NULL, NULL),
(14, 6, 7, NULL, NULL, '2p', 0, 0, 0, 0, NULL, NULL, NULL, NULL, NULL, NULL),
(13, 6, NULL, NULL, NULL, '2p', 0, 0, 0, 0, NULL, NULL, NULL, NULL, NULL, NULL),
(12, 6, NULL, NULL, NULL, '2p', 0, 0, 0, 0, NULL, NULL, NULL, NULL, NULL, NULL),
(11, 6, NULL, NULL, NULL, '2p', 0, 0, 0, 0, NULL, NULL, NULL, NULL, NULL, NULL),
(21, 6, NULL, NULL, NULL, '2p', 0, 0, 0, 0, NULL, NULL, NULL, NULL, NULL, NULL),
(22, 6, NULL, NULL, NULL, '2p', 0, 0, 0, 0, NULL, NULL, NULL, NULL, NULL, NULL),
(23, 7, NULL, NULL, NULL, '2p', 0, 0, 0, 0, NULL, NULL, NULL, NULL, NULL, NULL),
(24, 7, NULL, NULL, NULL, '2p', 0, 0, 0, 0, NULL, NULL, NULL, NULL, NULL, NULL),
(25, 7, 6, NULL, NULL, '2p', 0, 0, 0, 0, NULL, NULL, NULL, NULL, NULL, NULL),
(26, 6, 7, NULL, NULL, '2p', 0, 0, 0, 0, NULL, NULL, NULL, NULL, NULL, NULL),
(27, 6, 7, NULL, NULL, '2p', 0, 0, 0, 0, NULL, NULL, NULL, NULL, NULL, NULL),
(28, 7, 6, NULL, NULL, '2p', 0, 0, 0, 0, NULL, NULL, NULL, NULL, NULL, NULL),
(29, 6, 7, NULL, NULL, '2p', 0, 0, 0, 0, NULL, NULL, NULL, NULL, NULL, NULL),
(30, 7, 6, NULL, NULL, '2p', 0, 0, 0, 0, NULL, NULL, NULL, NULL, NULL, NULL),
(31, 7, 6, NULL, NULL, '2p', 1, 0, 0, 0, 'b', NULL, 'r', NULL, NULL, NULL),
(32, 6, 7, NULL, NULL, '2p', 1, 0, 0, 0, 'b', NULL, 'r', NULL, NULL, NULL),
(33, 6, 7, NULL, NULL, '2p', 0, 0, 0, 0, NULL, NULL, NULL, NULL, NULL, NULL),
(34, 6, 7, NULL, NULL, '2p', 1, 1, 0, 0, 'g', 'r', 'y', 'b', NULL, NULL),
(35, 6, NULL, NULL, NULL, '2p', 1, 0, 0, 0, 'r', NULL, 'b', NULL, NULL, NULL),
(36, 6, NULL, NULL, NULL, '2p', 0, 0, 0, 0, NULL, NULL, NULL, NULL, NULL, NULL),
(37, 6, 7, NULL, NULL, '2p', 1, 1, 0, 0, 'b', 'y', 'r', 'g', NULL, NULL),
(38, 6, 7, NULL, NULL, '2p', 1, 1, 0, 0, 'y', 'r', 'g', 'b', NULL, NULL),
(39, 7, 6, NULL, NULL, '2p', 1, 1, 0, 0, 'y', 'b', 'g', 'r', NULL, NULL),
(40, 6, NULL, NULL, NULL, '2p', 1, 0, 0, 0, 'r', NULL, 'g', NULL, NULL, NULL),
(41, 6, 7, NULL, NULL, '2p', 1, 1, 0, 0, 'r', 'g', 'b', 'y', NULL, NULL),
(42, 7, 6, NULL, NULL, '2p', 1, 1, 0, 0, 'r', 'g', 'b', 'y', NULL, '2025-01-08 00:51:50'),
(43, 6, 7, NULL, NULL, '2p', 1, 0, 0, 0, 'r', NULL, 'b', NULL, '2025-01-08 00:45:40', '2025-01-08 00:51:13'),
(44, 6, 7, NULL, NULL, '2p', 1, 1, 0, 0, 'r', 'g', 'b', 'y', '2025-01-08 00:53:38', '2025-01-08 00:53:53'),
(45, 7, 6, NULL, NULL, '2p', 1, 1, 0, 0, 'g', 'b', 'y', 'r', '2025-01-08 20:09:00', '2025-01-08 20:09:35'),
(46, 7, NULL, NULL, NULL, '2p', 0, 0, 0, 0, NULL, NULL, NULL, NULL, '2025-01-09 19:52:39', '2025-01-09 19:52:39'),
(47, 6, NULL, NULL, NULL, '2p', 0, 0, 0, 0, NULL, NULL, NULL, NULL, '2025-01-09 19:52:59', '2025-01-09 19:52:59'),
(48, 6, 7, NULL, NULL, '2p', 1, 1, 0, 0, 'r', 'g', 'b', 'y', '2025-01-09 19:54:02', '2025-01-09 19:54:18'),
(49, 7, 6, NULL, NULL, '2p', 1, 1, 0, 0, 'r', 'b', 'y', 'g', '2025-01-09 20:02:57', '2025-01-09 20:03:10'),
(50, 7, NULL, NULL, NULL, '2p', 0, 0, 0, 0, NULL, NULL, NULL, NULL, '2025-01-09 20:04:03', '2025-01-09 20:04:03'),
(51, 6, 7, NULL, NULL, '2p', 1, 1, 0, 0, 'r', 'g', 'b', 'y', '2025-01-09 20:22:08', '2025-01-09 20:22:22'),
(52, 6, 7, NULL, NULL, '2p', 1, 1, 0, 0, 'r', 'g', 'b', 'y', '2025-01-09 20:40:24', '2025-01-09 20:40:35'),
(53, 7, 6, NULL, NULL, '2p', 1, 1, 0, 0, 'r', 'g', 'b', 'y', '2025-01-10 15:56:08', '2025-01-10 15:56:42'),
(54, 6, 7, NULL, NULL, '2p', 1, 1, 0, 0, 'r', 'g', 'b', 'y', '2025-01-10 15:59:11', '2025-01-10 15:59:22'),
(55, 6, 7, NULL, NULL, '2p', 1, 1, 0, 0, 'r', 'g', 'b', 'y', '2025-01-10 19:44:55', '2025-01-10 19:45:07'),
(56, 7, 6, NULL, NULL, '2p', 1, 1, 0, 0, 'r', 'g', 'b', 'y', '2025-01-10 20:10:45', '2025-01-10 20:11:00');

-- --------------------------------------------------------

--
-- Table structure for table `game_status`
--

DROP TABLE IF EXISTS `game_status`;
CREATE TABLE IF NOT EXISTS `game_status` (
  `status_id` int NOT NULL AUTO_INCREMENT,
  `game_id` int NOT NULL,
  `gstatus` enum('not active','initialized','started','ended','aborted') COLLATE utf8mb4_general_ci NOT NULL DEFAULT 'not active',
  `p_turn` enum('p1','p2','p3','p4') COLLATE utf8mb4_general_ci DEFAULT NULL,
  `result` enum('p1','p2','p3','p4','d') COLLATE utf8mb4_general_ci DEFAULT NULL,
  `created` timestamp NULL DEFAULT NULL,
  `updated` timestamp NULL DEFAULT NULL,
  PRIMARY KEY (`status_id`)
) ENGINE=MyISAM AUTO_INCREMENT=37 DEFAULT CHARSET=utf8mb4 COLLATE=utf8mb4_general_ci;

--
-- Dumping data for table `game_status`
--

INSERT INTO `game_status` (`status_id`, `game_id`, `gstatus`, `p_turn`, `result`, `created`, `updated`) VALUES
(4, 16, 'aborted', NULL, NULL, NULL, '0000-00-00 00:00:00'),
(3, 14, 'aborted', NULL, NULL, NULL, '0000-00-00 00:00:00'),
(5, 25, 'aborted', NULL, NULL, NULL, '0000-00-00 00:00:00'),
(6, 26, 'aborted', NULL, NULL, NULL, '0000-00-00 00:00:00'),
(7, 27, 'aborted', NULL, NULL, NULL, '0000-00-00 00:00:00'),
(8, 28, 'aborted', NULL, NULL, NULL, '0000-00-00 00:00:00'),
(9, 29, 'aborted', NULL, NULL, NULL, '0000-00-00 00:00:00'),
(10, 30, 'aborted', NULL, NULL, NULL, '0000-00-00 00:00:00'),
(11, 31, 'aborted', NULL, NULL, NULL, '0000-00-00 00:00:00'),
(12, 32, 'aborted', NULL, NULL, NULL, '0000-00-00 00:00:00'),
(13, 33, 'aborted', NULL, NULL, NULL, '0000-00-00 00:00:00'),
(14, 34, 'aborted', NULL, NULL, NULL, '0000-00-00 00:00:00'),
(15, 35, 'aborted', NULL, NULL, NULL, '0000-00-00 00:00:00'),
(16, 36, 'aborted', NULL, NULL, NULL, '0000-00-00 00:00:00'),
(17, 37, 'aborted', NULL, NULL, NULL, '0000-00-00 00:00:00'),
(18, 38, 'aborted', NULL, NULL, NULL, '0000-00-00 00:00:00'),
(19, 39, 'aborted', NULL, NULL, NULL, '0000-00-00 00:00:00'),
(20, 40, 'aborted', NULL, NULL, NULL, '0000-00-00 00:00:00'),
(21, 41, 'aborted', NULL, NULL, NULL, '0000-00-00 00:00:00'),
(22, 42, 'aborted', NULL, NULL, NULL, '2025-01-08 00:45:42'),
(23, 43, 'aborted', NULL, NULL, '2025-01-08 00:45:40', '2025-01-08 00:45:40'),
(24, 44, 'aborted', NULL, NULL, '2025-01-08 00:53:38', '2025-01-08 09:38:53'),
(25, 45, 'aborted', 'p1', NULL, '2025-01-08 20:09:00', '2025-01-09 18:53:58'),
(26, 46, 'aborted', NULL, NULL, '2025-01-09 19:52:39', '2025-01-09 19:52:39'),
(27, 47, 'aborted', NULL, NULL, '2025-01-09 19:52:59', '2025-01-09 19:52:59'),
(28, 48, 'aborted', 'p1', NULL, '2025-01-09 19:54:02', '2025-01-09 19:54:21'),
(29, 49, 'aborted', 'p1', NULL, '2025-01-09 20:02:57', '2025-01-09 20:04:10'),
(30, 50, 'aborted', NULL, NULL, '2025-01-09 20:04:03', '2025-01-09 20:04:03'),
(31, 51, 'aborted', NULL, NULL, '2025-01-09 20:22:08', '2025-01-09 20:32:33'),
(32, 52, 'aborted', NULL, NULL, '2025-01-09 20:40:24', '2025-01-09 20:40:47'),
(33, 53, 'aborted', NULL, NULL, '2025-01-10 15:56:08', '2025-01-10 15:57:16'),
(34, 54, 'aborted', 'p1', NULL, '2025-01-10 15:59:11', '2025-01-10 15:59:26'),
(35, 55, 'aborted', 'p1', NULL, '2025-01-10 19:44:55', '2025-01-10 19:45:13'),
(36, 56, 'started', 'p1', NULL, '2025-01-10 20:10:45', '2025-01-10 20:11:07');

-- --------------------------------------------------------

--
-- Table structure for table `pieces`
--

DROP TABLE IF EXISTS `pieces`;
CREATE TABLE IF NOT EXISTS `pieces` (
  `piece_id` int NOT NULL AUTO_INCREMENT,
  `groupNum` int NOT NULL,
  `piece_name` text COLLATE utf8mb4_general_ci NOT NULL,
  `piece_coordinates` text COLLATE utf8mb4_general_ci NOT NULL,
  PRIMARY KEY (`piece_id`)
) ENGINE=MyISAM AUTO_INCREMENT=22 DEFAULT CHARSET=utf8mb4 COLLATE=utf8mb4_general_ci;

--
-- Dumping data for table `pieces`
--

INSERT INTO `pieces` (`piece_id`, `groupNum`, `piece_name`, `piece_coordinates`) VALUES
(1, 1, 'piece_1', '[0.0]'),
(2, 2, 'piece_2', '[0.0],[0.1]'),
(3, 3, 'piece_3L', '[0.0],[0.1],[1.1]'),
(4, 3, 'piece_3bar', '[0.0],[0.1],[0.2]'),
(5, 4, 'piece_4bar', '[0.0],[0.1],[0.2],[0.3]'),
(6, 4, 'piece_4L', '[0.0],[0.1],[0.2],[1.2]'),
(7, 4, 'piece_4Z', '[1.0],[1.1],[0.1],[0.2]'),
(8, 4, 'piece_4SQR', '[0.0],[1.0],[0.1],[1.1]'),
(9, 4, 'piece_4T', '[1.0],[1.1],[0.1],[1.2]'),
(10, 5, 'piece_5F', '[0.1],[1.0],[1.1],[2.1],[2.2]'),
(11, 5, 'piece_5I', '[0.0],[1.0],[2.0],[3.0],[4.0]'),
(12, 5, 'piece_5L', '[0.0],[1.0],[2.0],[3.0],[0.1]'),
(13, 5, 'piece_5N', '[0.0],[1.0],[2.0],[2.1],[3.1]'),
(14, 5, 'piece_5P', '[0.0],[1.0],[2.0],[1.1],[2.1]'),
(15, 5, 'piece_5T', '[2.0],[0.1],[1.1],[2.1],[2.2]'),
(16, 5, 'piece_5U', '[0.0],[1.0],[0.1],[0.2],[1.2]'),
(17, 5, 'piece_5V', '[0.0],[0.1],[0.2],[1.2],[2.2]'),
(18, 5, 'piece_5W', '[0.0],[0.1],[1.1],[1.2],[2.2]'),
(19, 5, 'piece_5X', '[0.1],[1.0],[1.1],[1.2],[2.1]'),
(20, 5, 'piece_5Y', '[0.1],[1.1],[2.1],[3.1],[2.0]'),
(21, 5, 'piece_5Z', '[2.0],[0.1],[1.1],[2.1],[0.2]');

-- --------------------------------------------------------

--
-- Table structure for table `placed_pieces`
--

DROP TABLE IF EXISTS `placed_pieces`;
CREATE TABLE IF NOT EXISTS `placed_pieces` (
  `record_id` int NOT NULL AUTO_INCREMENT,
  `game_id` int DEFAULT NULL,
  `piece_id` int DEFAULT NULL,
  `player_id` int DEFAULT NULL,
  `piece_color` varchar(10) COLLATE utf8mb4_general_ci DEFAULT NULL,
  `x` int DEFAULT NULL,
  `y` int DEFAULT NULL,
  PRIMARY KEY (`record_id`),
  KEY `game_id` (`game_id`)
) ENGINE=MyISAM AUTO_INCREMENT=3 DEFAULT CHARSET=utf8mb4 COLLATE=utf8mb4_general_ci;

--
-- Dumping data for table `placed_pieces`
--

INSERT INTO `placed_pieces` (`record_id`, `game_id`, `piece_id`, `player_id`, `piece_color`, `x`, `y`) VALUES
(1, 56, 5, 7, NULL, 0, 0),
(2, 56, 5, 7, NULL, 0, 0);

-- --------------------------------------------------------

--
-- Table structure for table `player_pieces`
--

DROP TABLE IF EXISTS `player_pieces`;
CREATE TABLE IF NOT EXISTS `player_pieces` (
  `record_id` int NOT NULL AUTO_INCREMENT,
  `game_id` int DEFAULT NULL,
  `player_num` enum('p1','p2','p3','p4') COLLATE utf8mb4_general_ci DEFAULT NULL,
  `user_id` int DEFAULT NULL,
  `available_piece_id` int DEFAULT NULL,
  PRIMARY KEY (`record_id`),
  KEY `game_id` (`game_id`),
  KEY `available_piece_id` (`available_piece_id`)
) ENGINE=MyISAM AUTO_INCREMENT=967 DEFAULT CHARSET=utf8mb4 COLLATE=utf8mb4_general_ci;

--
-- Dumping data for table `player_pieces`
--

INSERT INTO `player_pieces` (`record_id`, `game_id`, `player_num`, `user_id`, `available_piece_id`) VALUES
(1, 42, 'p2', 6, 1),
(2, 42, 'p2', 6, 2),
(3, 42, 'p2', 6, 3),
(4, 42, 'p2', 6, 4),
(5, 42, 'p2', 6, 5),
(6, 42, 'p2', 6, 6),
(7, 42, 'p2', 6, 7),
(8, 42, 'p2', 6, 8),
(9, 42, 'p2', 6, 9),
(10, 42, 'p2', 6, 10),
(11, 42, 'p2', 6, 11),
(12, 42, 'p2', 6, 12),
(13, 42, 'p2', 6, 13),
(14, 42, 'p2', 6, 14),
(15, 42, 'p2', 6, 15),
(16, 42, 'p2', 6, 16),
(17, 42, 'p2', 6, 17),
(18, 42, 'p2', 6, 18),
(19, 42, 'p2', 6, 19),
(20, 42, 'p2', 6, 20),
(21, 42, 'p2', 6, 21),
(22, 42, 'p4', 6, 1),
(23, 42, 'p4', 6, 2),
(24, 42, 'p4', 6, 3),
(25, 42, 'p4', 6, 4),
(26, 42, 'p4', 6, 5),
(27, 42, 'p4', 6, 6),
(28, 42, 'p4', 6, 7),
(29, 42, 'p4', 6, 8),
(30, 42, 'p4', 6, 9),
(31, 42, 'p4', 6, 10),
(32, 42, 'p4', 6, 11),
(33, 42, 'p4', 6, 12),
(34, 42, 'p4', 6, 13),
(35, 42, 'p4', 6, 14),
(36, 42, 'p4', 6, 15),
(37, 42, 'p4', 6, 16),
(38, 42, 'p4', 6, 17),
(39, 42, 'p4', 6, 18),
(40, 42, 'p4', 6, 19),
(41, 42, 'p4', 6, 20),
(42, 42, 'p4', 6, 21),
(43, 42, 'p1', 7, 1),
(44, 42, 'p1', 7, 2),
(45, 42, 'p1', 7, 3),
(46, 42, 'p1', 7, 4),
(47, 42, 'p1', 7, 5),
(48, 42, 'p1', 7, 6),
(49, 42, 'p1', 7, 7),
(50, 42, 'p1', 7, 8),
(51, 42, 'p1', 7, 9),
(52, 42, 'p1', 7, 10),
(53, 42, 'p1', 7, 11),
(54, 42, 'p1', 7, 12),
(55, 42, 'p1', 7, 13),
(56, 42, 'p1', 7, 14),
(57, 42, 'p1', 7, 15),
(58, 42, 'p1', 7, 16),
(59, 42, 'p1', 7, 17),
(60, 42, 'p1', 7, 18),
(61, 42, 'p1', 7, 19),
(62, 42, 'p1', 7, 20),
(63, 42, 'p1', 7, 21),
(64, 42, 'p3', 7, 1),
(65, 42, 'p3', 7, 2),
(66, 42, 'p3', 7, 3),
(67, 42, 'p3', 7, 4),
(68, 42, 'p3', 7, 5),
(69, 42, 'p3', 7, 6),
(70, 42, 'p3', 7, 7),
(71, 42, 'p3', 7, 8),
(72, 42, 'p3', 7, 9),
(73, 42, 'p3', 7, 10),
(74, 42, 'p3', 7, 11),
(75, 42, 'p3', 7, 12),
(76, 42, 'p3', 7, 13),
(77, 42, 'p3', 7, 14),
(78, 42, 'p3', 7, 15),
(79, 42, 'p3', 7, 16),
(80, 42, 'p3', 7, 17),
(81, 42, 'p3', 7, 18),
(82, 42, 'p3', 7, 19),
(83, 42, 'p3', 7, 20),
(84, 42, 'p3', 7, 21),
(85, 43, 'p1', 6, 1),
(86, 43, 'p1', 6, 2),
(87, 43, 'p1', 6, 3),
(88, 43, 'p1', 6, 4),
(89, 43, 'p1', 6, 5),
(90, 43, 'p1', 6, 6),
(91, 43, 'p1', 6, 7),
(92, 43, 'p1', 6, 8),
(93, 43, 'p1', 6, 9),
(94, 43, 'p1', 6, 10),
(95, 43, 'p1', 6, 11),
(96, 43, 'p1', 6, 12),
(97, 43, 'p1', 6, 13),
(98, 43, 'p1', 6, 14),
(99, 43, 'p1', 6, 15),
(100, 43, 'p1', 6, 16),
(101, 43, 'p1', 6, 17),
(102, 43, 'p1', 6, 18),
(103, 43, 'p1', 6, 19),
(104, 43, 'p1', 6, 20),
(105, 43, 'p1', 6, 21),
(106, 43, 'p3', 6, 1),
(107, 43, 'p3', 6, 2),
(108, 43, 'p3', 6, 3),
(109, 43, 'p3', 6, 4),
(110, 43, 'p3', 6, 5),
(111, 43, 'p3', 6, 6),
(112, 43, 'p3', 6, 7),
(113, 43, 'p3', 6, 8),
(114, 43, 'p3', 6, 9),
(115, 43, 'p3', 6, 10),
(116, 43, 'p3', 6, 11),
(117, 43, 'p3', 6, 12),
(118, 43, 'p3', 6, 13),
(119, 43, 'p3', 6, 14),
(120, 43, 'p3', 6, 15),
(121, 43, 'p3', 6, 16),
(122, 43, 'p3', 6, 17),
(123, 43, 'p3', 6, 18),
(124, 43, 'p3', 6, 19),
(125, 43, 'p3', 6, 20),
(126, 43, 'p3', 6, 21),
(127, 44, 'p2', 7, 1),
(128, 44, 'p2', 7, 2),
(129, 44, 'p2', 7, 3),
(130, 44, 'p2', 7, 4),
(131, 44, 'p2', 7, 5),
(132, 44, 'p2', 7, 6),
(133, 44, 'p2', 7, 7),
(134, 44, 'p2', 7, 8),
(135, 44, 'p2', 7, 9),
(136, 44, 'p2', 7, 10),
(137, 44, 'p2', 7, 11),
(138, 44, 'p2', 7, 12),
(139, 44, 'p2', 7, 13),
(140, 44, 'p2', 7, 14),
(141, 44, 'p2', 7, 15),
(142, 44, 'p2', 7, 16),
(143, 44, 'p2', 7, 17),
(144, 44, 'p2', 7, 18),
(145, 44, 'p2', 7, 19),
(146, 44, 'p2', 7, 20),
(147, 44, 'p2', 7, 21),
(148, 44, 'p4', 7, 1),
(149, 44, 'p4', 7, 2),
(150, 44, 'p4', 7, 3),
(151, 44, 'p4', 7, 4),
(152, 44, 'p4', 7, 5),
(153, 44, 'p4', 7, 6),
(154, 44, 'p4', 7, 7),
(155, 44, 'p4', 7, 8),
(156, 44, 'p4', 7, 9),
(157, 44, 'p4', 7, 10),
(158, 44, 'p4', 7, 11),
(159, 44, 'p4', 7, 12),
(160, 44, 'p4', 7, 13),
(161, 44, 'p4', 7, 14),
(162, 44, 'p4', 7, 15),
(163, 44, 'p4', 7, 16),
(164, 44, 'p4', 7, 17),
(165, 44, 'p4', 7, 18),
(166, 44, 'p4', 7, 19),
(167, 44, 'p4', 7, 20),
(168, 44, 'p4', 7, 21),
(169, 44, 'p1', 6, 1),
(170, 44, 'p1', 6, 2),
(171, 44, 'p1', 6, 3),
(172, 44, 'p1', 6, 4),
(173, 44, 'p1', 6, 5),
(174, 44, 'p1', 6, 6),
(175, 44, 'p1', 6, 7),
(176, 44, 'p1', 6, 8),
(177, 44, 'p1', 6, 9),
(178, 44, 'p1', 6, 10),
(179, 44, 'p1', 6, 11),
(180, 44, 'p1', 6, 12),
(181, 44, 'p1', 6, 13),
(182, 44, 'p1', 6, 14),
(183, 44, 'p1', 6, 15),
(184, 44, 'p1', 6, 16),
(185, 44, 'p1', 6, 17),
(186, 44, 'p1', 6, 18),
(187, 44, 'p1', 6, 19),
(188, 44, 'p1', 6, 20),
(189, 44, 'p1', 6, 21),
(190, 44, 'p3', 6, 1),
(191, 44, 'p3', 6, 2),
(192, 44, 'p3', 6, 3),
(193, 44, 'p3', 6, 4),
(194, 44, 'p3', 6, 5),
(195, 44, 'p3', 6, 6),
(196, 44, 'p3', 6, 7),
(197, 44, 'p3', 6, 8),
(198, 44, 'p3', 6, 9),
(199, 44, 'p3', 6, 10),
(200, 44, 'p3', 6, 11),
(201, 44, 'p3', 6, 12),
(202, 44, 'p3', 6, 13),
(203, 44, 'p3', 6, 14),
(204, 44, 'p3', 6, 15),
(205, 44, 'p3', 6, 16),
(206, 44, 'p3', 6, 17),
(207, 44, 'p3', 6, 18),
(208, 44, 'p3', 6, 19),
(209, 44, 'p3', 6, 20),
(210, 44, 'p3', 6, 21),
(211, 45, 'p2', 6, 1),
(212, 45, 'p2', 6, 2),
(213, 45, 'p2', 6, 3),
(214, 45, 'p2', 6, 4),
(215, 45, 'p2', 6, 5),
(216, 45, 'p2', 6, 6),
(217, 45, 'p2', 6, 7),
(218, 45, 'p2', 6, 8),
(219, 45, 'p2', 6, 9),
(220, 45, 'p2', 6, 10),
(221, 45, 'p2', 6, 11),
(222, 45, 'p2', 6, 12),
(223, 45, 'p2', 6, 13),
(224, 45, 'p2', 6, 14),
(225, 45, 'p2', 6, 15),
(226, 45, 'p2', 6, 16),
(227, 45, 'p2', 6, 17),
(228, 45, 'p2', 6, 18),
(229, 45, 'p2', 6, 19),
(230, 45, 'p2', 6, 20),
(231, 45, 'p2', 6, 21),
(232, 45, 'p4', 6, 1),
(233, 45, 'p4', 6, 2),
(234, 45, 'p4', 6, 3),
(235, 45, 'p4', 6, 4),
(236, 45, 'p4', 6, 5),
(237, 45, 'p4', 6, 6),
(238, 45, 'p4', 6, 7),
(239, 45, 'p4', 6, 8),
(240, 45, 'p4', 6, 9),
(241, 45, 'p4', 6, 10),
(242, 45, 'p4', 6, 11),
(243, 45, 'p4', 6, 12),
(244, 45, 'p4', 6, 13),
(245, 45, 'p4', 6, 14),
(246, 45, 'p4', 6, 15),
(247, 45, 'p4', 6, 16),
(248, 45, 'p4', 6, 17),
(249, 45, 'p4', 6, 18),
(250, 45, 'p4', 6, 19),
(251, 45, 'p4', 6, 20),
(252, 45, 'p4', 6, 21),
(253, 45, 'p1', 7, 1),
(254, 45, 'p1', 7, 2),
(255, 45, 'p1', 7, 3),
(256, 45, 'p1', 7, 4),
(257, 45, 'p1', 7, 5),
(258, 45, 'p1', 7, 6),
(259, 45, 'p1', 7, 7),
(260, 45, 'p1', 7, 8),
(261, 45, 'p1', 7, 9),
(262, 45, 'p1', 7, 10),
(263, 45, 'p1', 7, 11),
(264, 45, 'p1', 7, 12),
(265, 45, 'p1', 7, 13),
(266, 45, 'p1', 7, 14),
(267, 45, 'p1', 7, 15),
(268, 45, 'p1', 7, 16),
(269, 45, 'p1', 7, 17),
(270, 45, 'p1', 7, 18),
(271, 45, 'p1', 7, 19),
(272, 45, 'p1', 7, 20),
(273, 45, 'p1', 7, 21),
(274, 45, 'p3', 7, 1),
(275, 45, 'p3', 7, 2),
(276, 45, 'p3', 7, 3),
(277, 45, 'p3', 7, 4),
(278, 45, 'p3', 7, 5),
(279, 45, 'p3', 7, 6),
(280, 45, 'p3', 7, 7),
(281, 45, 'p3', 7, 8),
(282, 45, 'p3', 7, 9),
(283, 45, 'p3', 7, 10),
(284, 45, 'p3', 7, 11),
(285, 45, 'p3', 7, 12),
(286, 45, 'p3', 7, 13),
(287, 45, 'p3', 7, 14),
(288, 45, 'p3', 7, 15),
(289, 45, 'p3', 7, 16),
(290, 45, 'p3', 7, 17),
(291, 45, 'p3', 7, 18),
(292, 45, 'p3', 7, 19),
(293, 45, 'p3', 7, 20),
(294, 45, 'p3', 7, 21),
(295, 48, 'p1', 6, 1),
(296, 48, 'p1', 6, 2),
(297, 48, 'p1', 6, 3),
(298, 48, 'p1', 6, 4),
(299, 48, 'p1', 6, 5),
(300, 48, 'p1', 6, 6),
(301, 48, 'p1', 6, 7),
(302, 48, 'p1', 6, 8),
(303, 48, 'p1', 6, 9),
(304, 48, 'p1', 6, 10),
(305, 48, 'p1', 6, 11),
(306, 48, 'p1', 6, 12),
(307, 48, 'p1', 6, 13),
(308, 48, 'p1', 6, 14),
(309, 48, 'p1', 6, 15),
(310, 48, 'p1', 6, 16),
(311, 48, 'p1', 6, 17),
(312, 48, 'p1', 6, 18),
(313, 48, 'p1', 6, 19),
(314, 48, 'p1', 6, 20),
(315, 48, 'p1', 6, 21),
(316, 48, 'p3', 6, 1),
(317, 48, 'p3', 6, 2),
(318, 48, 'p3', 6, 3),
(319, 48, 'p3', 6, 4),
(320, 48, 'p3', 6, 5),
(321, 48, 'p3', 6, 6),
(322, 48, 'p3', 6, 7),
(323, 48, 'p3', 6, 8),
(324, 48, 'p3', 6, 9),
(325, 48, 'p3', 6, 10),
(326, 48, 'p3', 6, 11),
(327, 48, 'p3', 6, 12),
(328, 48, 'p3', 6, 13),
(329, 48, 'p3', 6, 14),
(330, 48, 'p3', 6, 15),
(331, 48, 'p3', 6, 16),
(332, 48, 'p3', 6, 17),
(333, 48, 'p3', 6, 18),
(334, 48, 'p3', 6, 19),
(335, 48, 'p3', 6, 20),
(336, 48, 'p3', 6, 21),
(337, 48, 'p2', 7, 1),
(338, 48, 'p2', 7, 2),
(339, 48, 'p2', 7, 3),
(340, 48, 'p2', 7, 4),
(341, 48, 'p2', 7, 5),
(342, 48, 'p2', 7, 6),
(343, 48, 'p2', 7, 7),
(344, 48, 'p2', 7, 8),
(345, 48, 'p2', 7, 9),
(346, 48, 'p2', 7, 10),
(347, 48, 'p2', 7, 11),
(348, 48, 'p2', 7, 12),
(349, 48, 'p2', 7, 13),
(350, 48, 'p2', 7, 14),
(351, 48, 'p2', 7, 15),
(352, 48, 'p2', 7, 16),
(353, 48, 'p2', 7, 17),
(354, 48, 'p2', 7, 18),
(355, 48, 'p2', 7, 19),
(356, 48, 'p2', 7, 20),
(357, 48, 'p2', 7, 21),
(358, 48, 'p4', 7, 1),
(359, 48, 'p4', 7, 2),
(360, 48, 'p4', 7, 3),
(361, 48, 'p4', 7, 4),
(362, 48, 'p4', 7, 5),
(363, 48, 'p4', 7, 6),
(364, 48, 'p4', 7, 7),
(365, 48, 'p4', 7, 8),
(366, 48, 'p4', 7, 9),
(367, 48, 'p4', 7, 10),
(368, 48, 'p4', 7, 11),
(369, 48, 'p4', 7, 12),
(370, 48, 'p4', 7, 13),
(371, 48, 'p4', 7, 14),
(372, 48, 'p4', 7, 15),
(373, 48, 'p4', 7, 16),
(374, 48, 'p4', 7, 17),
(375, 48, 'p4', 7, 18),
(376, 48, 'p4', 7, 19),
(377, 48, 'p4', 7, 20),
(378, 48, 'p4', 7, 21),
(379, 49, 'p2', 6, 1),
(380, 49, 'p2', 6, 2),
(381, 49, 'p2', 6, 3),
(382, 49, 'p2', 6, 4),
(383, 49, 'p2', 6, 5),
(384, 49, 'p2', 6, 6),
(385, 49, 'p2', 6, 7),
(386, 49, 'p2', 6, 8),
(387, 49, 'p2', 6, 9),
(388, 49, 'p2', 6, 10),
(389, 49, 'p2', 6, 11),
(390, 49, 'p2', 6, 12),
(391, 49, 'p2', 6, 13),
(392, 49, 'p2', 6, 14),
(393, 49, 'p2', 6, 15),
(394, 49, 'p2', 6, 16),
(395, 49, 'p2', 6, 17),
(396, 49, 'p2', 6, 18),
(397, 49, 'p2', 6, 19),
(398, 49, 'p2', 6, 20),
(399, 49, 'p2', 6, 21),
(400, 49, 'p4', 6, 1),
(401, 49, 'p4', 6, 2),
(402, 49, 'p4', 6, 3),
(403, 49, 'p4', 6, 4),
(404, 49, 'p4', 6, 5),
(405, 49, 'p4', 6, 6),
(406, 49, 'p4', 6, 7),
(407, 49, 'p4', 6, 8),
(408, 49, 'p4', 6, 9),
(409, 49, 'p4', 6, 10),
(410, 49, 'p4', 6, 11),
(411, 49, 'p4', 6, 12),
(412, 49, 'p4', 6, 13),
(413, 49, 'p4', 6, 14),
(414, 49, 'p4', 6, 15),
(415, 49, 'p4', 6, 16),
(416, 49, 'p4', 6, 17),
(417, 49, 'p4', 6, 18),
(418, 49, 'p4', 6, 19),
(419, 49, 'p4', 6, 20),
(420, 49, 'p4', 6, 21),
(421, 49, 'p1', 7, 1),
(422, 49, 'p1', 7, 2),
(423, 49, 'p1', 7, 3),
(424, 49, 'p1', 7, 4),
(425, 49, 'p1', 7, 5),
(426, 49, 'p1', 7, 6),
(427, 49, 'p1', 7, 7),
(428, 49, 'p1', 7, 8),
(429, 49, 'p1', 7, 9),
(430, 49, 'p1', 7, 10),
(431, 49, 'p1', 7, 11),
(432, 49, 'p1', 7, 12),
(433, 49, 'p1', 7, 13),
(434, 49, 'p1', 7, 14),
(435, 49, 'p1', 7, 15),
(436, 49, 'p1', 7, 16),
(437, 49, 'p1', 7, 17),
(438, 49, 'p1', 7, 18),
(439, 49, 'p1', 7, 19),
(440, 49, 'p1', 7, 20),
(441, 49, 'p1', 7, 21),
(442, 49, 'p3', 7, 1),
(443, 49, 'p3', 7, 2),
(444, 49, 'p3', 7, 3),
(445, 49, 'p3', 7, 4),
(446, 49, 'p3', 7, 5),
(447, 49, 'p3', 7, 6),
(448, 49, 'p3', 7, 7),
(449, 49, 'p3', 7, 8),
(450, 49, 'p3', 7, 9),
(451, 49, 'p3', 7, 10),
(452, 49, 'p3', 7, 11),
(453, 49, 'p3', 7, 12),
(454, 49, 'p3', 7, 13),
(455, 49, 'p3', 7, 14),
(456, 49, 'p3', 7, 15),
(457, 49, 'p3', 7, 16),
(458, 49, 'p3', 7, 17),
(459, 49, 'p3', 7, 18),
(460, 49, 'p3', 7, 19),
(461, 49, 'p3', 7, 20),
(462, 49, 'p3', 7, 21),
(463, 51, 'p1', 6, 1),
(464, 51, 'p1', 6, 2),
(465, 51, 'p1', 6, 3),
(466, 51, 'p1', 6, 4),
(467, 51, 'p1', 6, 5),
(468, 51, 'p1', 6, 6),
(469, 51, 'p1', 6, 7),
(470, 51, 'p1', 6, 8),
(471, 51, 'p1', 6, 9),
(472, 51, 'p1', 6, 10),
(473, 51, 'p1', 6, 11),
(474, 51, 'p1', 6, 12),
(475, 51, 'p1', 6, 13),
(476, 51, 'p1', 6, 14),
(477, 51, 'p1', 6, 15),
(478, 51, 'p1', 6, 16),
(479, 51, 'p1', 6, 17),
(480, 51, 'p1', 6, 18),
(481, 51, 'p1', 6, 19),
(482, 51, 'p1', 6, 20),
(483, 51, 'p1', 6, 21),
(484, 51, 'p3', 6, 1),
(485, 51, 'p3', 6, 2),
(486, 51, 'p3', 6, 3),
(487, 51, 'p3', 6, 4),
(488, 51, 'p3', 6, 5),
(489, 51, 'p3', 6, 6),
(490, 51, 'p3', 6, 7),
(491, 51, 'p3', 6, 8),
(492, 51, 'p3', 6, 9),
(493, 51, 'p3', 6, 10),
(494, 51, 'p3', 6, 11),
(495, 51, 'p3', 6, 12),
(496, 51, 'p3', 6, 13),
(497, 51, 'p3', 6, 14),
(498, 51, 'p3', 6, 15),
(499, 51, 'p3', 6, 16),
(500, 51, 'p3', 6, 17),
(501, 51, 'p3', 6, 18),
(502, 51, 'p3', 6, 19),
(503, 51, 'p3', 6, 20),
(504, 51, 'p3', 6, 21),
(505, 51, 'p2', 7, 1),
(506, 51, 'p2', 7, 2),
(507, 51, 'p2', 7, 3),
(508, 51, 'p2', 7, 4),
(509, 51, 'p2', 7, 5),
(510, 51, 'p2', 7, 6),
(511, 51, 'p2', 7, 7),
(512, 51, 'p2', 7, 8),
(513, 51, 'p2', 7, 9),
(514, 51, 'p2', 7, 10),
(515, 51, 'p2', 7, 11),
(516, 51, 'p2', 7, 12),
(517, 51, 'p2', 7, 13),
(518, 51, 'p2', 7, 14),
(519, 51, 'p2', 7, 15),
(520, 51, 'p2', 7, 16),
(521, 51, 'p2', 7, 17),
(522, 51, 'p2', 7, 18),
(523, 51, 'p2', 7, 19),
(524, 51, 'p2', 7, 20),
(525, 51, 'p2', 7, 21),
(526, 51, 'p4', 7, 1),
(527, 51, 'p4', 7, 2),
(528, 51, 'p4', 7, 3),
(529, 51, 'p4', 7, 4),
(530, 51, 'p4', 7, 5),
(531, 51, 'p4', 7, 6),
(532, 51, 'p4', 7, 7),
(533, 51, 'p4', 7, 8),
(534, 51, 'p4', 7, 9),
(535, 51, 'p4', 7, 10),
(536, 51, 'p4', 7, 11),
(537, 51, 'p4', 7, 12),
(538, 51, 'p4', 7, 13),
(539, 51, 'p4', 7, 14),
(540, 51, 'p4', 7, 15),
(541, 51, 'p4', 7, 16),
(542, 51, 'p4', 7, 17),
(543, 51, 'p4', 7, 18),
(544, 51, 'p4', 7, 19),
(545, 51, 'p4', 7, 20),
(546, 51, 'p4', 7, 21),
(547, 52, 'p1', 6, 1),
(548, 52, 'p1', 6, 2),
(549, 52, 'p1', 6, 3),
(550, 52, 'p1', 6, 4),
(551, 52, 'p1', 6, 5),
(552, 52, 'p1', 6, 6),
(553, 52, 'p1', 6, 7),
(554, 52, 'p1', 6, 8),
(555, 52, 'p1', 6, 9),
(556, 52, 'p1', 6, 10),
(557, 52, 'p1', 6, 11),
(558, 52, 'p1', 6, 12),
(559, 52, 'p1', 6, 13),
(560, 52, 'p1', 6, 14),
(561, 52, 'p1', 6, 15),
(562, 52, 'p1', 6, 16),
(563, 52, 'p1', 6, 17),
(564, 52, 'p1', 6, 18),
(565, 52, 'p1', 6, 19),
(566, 52, 'p1', 6, 20),
(567, 52, 'p1', 6, 21),
(568, 52, 'p3', 6, 1),
(569, 52, 'p3', 6, 2),
(570, 52, 'p3', 6, 3),
(571, 52, 'p3', 6, 4),
(572, 52, 'p3', 6, 5),
(573, 52, 'p3', 6, 6),
(574, 52, 'p3', 6, 7),
(575, 52, 'p3', 6, 8),
(576, 52, 'p3', 6, 9),
(577, 52, 'p3', 6, 10),
(578, 52, 'p3', 6, 11),
(579, 52, 'p3', 6, 12),
(580, 52, 'p3', 6, 13),
(581, 52, 'p3', 6, 14),
(582, 52, 'p3', 6, 15),
(583, 52, 'p3', 6, 16),
(584, 52, 'p3', 6, 17),
(585, 52, 'p3', 6, 18),
(586, 52, 'p3', 6, 19),
(587, 52, 'p3', 6, 20),
(588, 52, 'p3', 6, 21),
(589, 52, 'p2', 7, 1),
(590, 52, 'p2', 7, 2),
(591, 52, 'p2', 7, 3),
(592, 52, 'p2', 7, 4),
(593, 52, 'p2', 7, 5),
(594, 52, 'p2', 7, 6),
(595, 52, 'p2', 7, 7),
(596, 52, 'p2', 7, 8),
(597, 52, 'p2', 7, 9),
(598, 52, 'p2', 7, 10),
(599, 52, 'p2', 7, 11),
(600, 52, 'p2', 7, 12),
(601, 52, 'p2', 7, 13),
(602, 52, 'p2', 7, 14),
(603, 52, 'p2', 7, 15),
(604, 52, 'p2', 7, 16),
(605, 52, 'p2', 7, 17),
(606, 52, 'p2', 7, 18),
(607, 52, 'p2', 7, 19),
(608, 52, 'p2', 7, 20),
(609, 52, 'p2', 7, 21),
(610, 52, 'p4', 7, 1),
(611, 52, 'p4', 7, 2),
(612, 52, 'p4', 7, 3),
(613, 52, 'p4', 7, 4),
(614, 52, 'p4', 7, 5),
(615, 52, 'p4', 7, 6),
(616, 52, 'p4', 7, 7),
(617, 52, 'p4', 7, 8),
(618, 52, 'p4', 7, 9),
(619, 52, 'p4', 7, 10),
(620, 52, 'p4', 7, 11),
(621, 52, 'p4', 7, 12),
(622, 52, 'p4', 7, 13),
(623, 52, 'p4', 7, 14),
(624, 52, 'p4', 7, 15),
(625, 52, 'p4', 7, 16),
(626, 52, 'p4', 7, 17),
(627, 52, 'p4', 7, 18),
(628, 52, 'p4', 7, 19),
(629, 52, 'p4', 7, 20),
(630, 52, 'p4', 7, 21),
(631, 53, 'p1', 7, 1),
(632, 53, 'p1', 7, 2),
(633, 53, 'p1', 7, 3),
(634, 53, 'p1', 7, 4),
(635, 53, 'p1', 7, 5),
(636, 53, 'p1', 7, 6),
(637, 53, 'p1', 7, 7),
(638, 53, 'p1', 7, 8),
(639, 53, 'p1', 7, 9),
(640, 53, 'p1', 7, 10),
(641, 53, 'p1', 7, 11),
(642, 53, 'p1', 7, 12),
(643, 53, 'p1', 7, 13),
(644, 53, 'p1', 7, 14),
(645, 53, 'p1', 7, 15),
(646, 53, 'p1', 7, 16),
(647, 53, 'p1', 7, 17),
(648, 53, 'p1', 7, 18),
(649, 53, 'p1', 7, 19),
(650, 53, 'p1', 7, 20),
(651, 53, 'p1', 7, 21),
(652, 53, 'p3', 7, 1),
(653, 53, 'p3', 7, 2),
(654, 53, 'p3', 7, 3),
(655, 53, 'p3', 7, 4),
(656, 53, 'p3', 7, 5),
(657, 53, 'p3', 7, 6),
(658, 53, 'p3', 7, 7),
(659, 53, 'p3', 7, 8),
(660, 53, 'p3', 7, 9),
(661, 53, 'p3', 7, 10),
(662, 53, 'p3', 7, 11),
(663, 53, 'p3', 7, 12),
(664, 53, 'p3', 7, 13),
(665, 53, 'p3', 7, 14),
(666, 53, 'p3', 7, 15),
(667, 53, 'p3', 7, 16),
(668, 53, 'p3', 7, 17),
(669, 53, 'p3', 7, 18),
(670, 53, 'p3', 7, 19),
(671, 53, 'p3', 7, 20),
(672, 53, 'p3', 7, 21),
(673, 53, 'p2', 6, 1),
(674, 53, 'p2', 6, 2),
(675, 53, 'p2', 6, 3),
(676, 53, 'p2', 6, 4),
(677, 53, 'p2', 6, 5),
(678, 53, 'p2', 6, 6),
(679, 53, 'p2', 6, 7),
(680, 53, 'p2', 6, 8),
(681, 53, 'p2', 6, 9),
(682, 53, 'p2', 6, 10),
(683, 53, 'p2', 6, 11),
(684, 53, 'p2', 6, 12),
(685, 53, 'p2', 6, 13),
(686, 53, 'p2', 6, 14),
(687, 53, 'p2', 6, 15),
(688, 53, 'p2', 6, 16),
(689, 53, 'p2', 6, 17),
(690, 53, 'p2', 6, 18),
(691, 53, 'p2', 6, 19),
(692, 53, 'p2', 6, 20),
(693, 53, 'p2', 6, 21),
(694, 53, 'p4', 6, 1),
(695, 53, 'p4', 6, 2),
(696, 53, 'p4', 6, 3),
(697, 53, 'p4', 6, 4),
(698, 53, 'p4', 6, 5),
(699, 53, 'p4', 6, 6),
(700, 53, 'p4', 6, 7),
(701, 53, 'p4', 6, 8),
(702, 53, 'p4', 6, 9),
(703, 53, 'p4', 6, 10),
(704, 53, 'p4', 6, 11),
(705, 53, 'p4', 6, 12),
(706, 53, 'p4', 6, 13),
(707, 53, 'p4', 6, 14),
(708, 53, 'p4', 6, 15),
(709, 53, 'p4', 6, 16),
(710, 53, 'p4', 6, 17),
(711, 53, 'p4', 6, 18),
(712, 53, 'p4', 6, 19),
(713, 53, 'p4', 6, 20),
(714, 53, 'p4', 6, 21),
(715, 54, 'p1', 6, 1),
(716, 54, 'p1', 6, 2),
(717, 54, 'p1', 6, 3),
(718, 54, 'p1', 6, 4),
(719, 54, 'p1', 6, 5),
(720, 54, 'p1', 6, 6),
(721, 54, 'p1', 6, 7),
(722, 54, 'p1', 6, 8),
(723, 54, 'p1', 6, 9),
(724, 54, 'p1', 6, 10),
(725, 54, 'p1', 6, 11),
(726, 54, 'p1', 6, 12),
(727, 54, 'p1', 6, 13),
(728, 54, 'p1', 6, 14),
(729, 54, 'p1', 6, 15),
(730, 54, 'p1', 6, 16),
(731, 54, 'p1', 6, 17),
(732, 54, 'p1', 6, 18),
(733, 54, 'p1', 6, 19),
(734, 54, 'p1', 6, 20),
(735, 54, 'p1', 6, 21),
(736, 54, 'p3', 6, 1),
(737, 54, 'p3', 6, 2),
(738, 54, 'p3', 6, 3),
(739, 54, 'p3', 6, 4),
(740, 54, 'p3', 6, 5),
(741, 54, 'p3', 6, 6),
(742, 54, 'p3', 6, 7),
(743, 54, 'p3', 6, 8),
(744, 54, 'p3', 6, 9),
(745, 54, 'p3', 6, 10),
(746, 54, 'p3', 6, 11),
(747, 54, 'p3', 6, 12),
(748, 54, 'p3', 6, 13),
(749, 54, 'p3', 6, 14),
(750, 54, 'p3', 6, 15),
(751, 54, 'p3', 6, 16),
(752, 54, 'p3', 6, 17),
(753, 54, 'p3', 6, 18),
(754, 54, 'p3', 6, 19),
(755, 54, 'p3', 6, 20),
(756, 54, 'p3', 6, 21),
(757, 54, 'p2', 7, 1),
(758, 54, 'p2', 7, 2),
(759, 54, 'p2', 7, 3),
(760, 54, 'p2', 7, 4),
(761, 54, 'p2', 7, 5),
(762, 54, 'p2', 7, 6),
(763, 54, 'p2', 7, 7),
(764, 54, 'p2', 7, 8),
(765, 54, 'p2', 7, 9),
(766, 54, 'p2', 7, 10),
(767, 54, 'p2', 7, 11),
(768, 54, 'p2', 7, 12),
(769, 54, 'p2', 7, 13),
(770, 54, 'p2', 7, 14),
(771, 54, 'p2', 7, 15),
(772, 54, 'p2', 7, 16),
(773, 54, 'p2', 7, 17),
(774, 54, 'p2', 7, 18),
(775, 54, 'p2', 7, 19),
(776, 54, 'p2', 7, 20),
(777, 54, 'p2', 7, 21),
(778, 54, 'p4', 7, 1),
(779, 54, 'p4', 7, 2),
(780, 54, 'p4', 7, 3),
(781, 54, 'p4', 7, 4),
(782, 54, 'p4', 7, 5),
(783, 54, 'p4', 7, 6),
(784, 54, 'p4', 7, 7),
(785, 54, 'p4', 7, 8),
(786, 54, 'p4', 7, 9),
(787, 54, 'p4', 7, 10),
(788, 54, 'p4', 7, 11),
(789, 54, 'p4', 7, 12),
(790, 54, 'p4', 7, 13),
(791, 54, 'p4', 7, 14),
(792, 54, 'p4', 7, 15),
(793, 54, 'p4', 7, 16),
(794, 54, 'p4', 7, 17),
(795, 54, 'p4', 7, 18),
(796, 54, 'p4', 7, 19),
(797, 54, 'p4', 7, 20),
(798, 54, 'p4', 7, 21),
(799, 55, 'p1', 6, 1),
(800, 55, 'p1', 6, 2),
(801, 55, 'p1', 6, 3),
(802, 55, 'p1', 6, 4),
(803, 55, 'p1', 6, 5),
(804, 55, 'p1', 6, 6),
(805, 55, 'p1', 6, 7),
(806, 55, 'p1', 6, 8),
(807, 55, 'p1', 6, 9),
(808, 55, 'p1', 6, 10),
(809, 55, 'p1', 6, 11),
(810, 55, 'p1', 6, 12),
(811, 55, 'p1', 6, 13),
(812, 55, 'p1', 6, 14),
(813, 55, 'p1', 6, 15),
(814, 55, 'p1', 6, 16),
(815, 55, 'p1', 6, 17),
(816, 55, 'p1', 6, 18),
(817, 55, 'p1', 6, 19),
(818, 55, 'p1', 6, 20),
(819, 55, 'p1', 6, 21),
(820, 55, 'p3', 6, 1),
(821, 55, 'p3', 6, 2),
(822, 55, 'p3', 6, 3),
(823, 55, 'p3', 6, 4),
(824, 55, 'p3', 6, 5),
(825, 55, 'p3', 6, 6),
(826, 55, 'p3', 6, 7),
(827, 55, 'p3', 6, 8),
(828, 55, 'p3', 6, 9),
(829, 55, 'p3', 6, 10),
(830, 55, 'p3', 6, 11),
(831, 55, 'p3', 6, 12),
(832, 55, 'p3', 6, 13),
(833, 55, 'p3', 6, 14),
(834, 55, 'p3', 6, 15),
(835, 55, 'p3', 6, 16),
(836, 55, 'p3', 6, 17),
(837, 55, 'p3', 6, 18),
(838, 55, 'p3', 6, 19),
(839, 55, 'p3', 6, 20),
(840, 55, 'p3', 6, 21),
(841, 55, 'p2', 7, 1),
(842, 55, 'p2', 7, 2),
(843, 55, 'p2', 7, 3),
(844, 55, 'p2', 7, 4),
(845, 55, 'p2', 7, 5),
(846, 55, 'p2', 7, 6),
(847, 55, 'p2', 7, 7),
(848, 55, 'p2', 7, 8),
(849, 55, 'p2', 7, 9),
(850, 55, 'p2', 7, 10),
(851, 55, 'p2', 7, 11),
(852, 55, 'p2', 7, 12),
(853, 55, 'p2', 7, 13),
(854, 55, 'p2', 7, 14),
(855, 55, 'p2', 7, 15),
(856, 55, 'p2', 7, 16),
(857, 55, 'p2', 7, 17),
(858, 55, 'p2', 7, 18),
(859, 55, 'p2', 7, 19),
(860, 55, 'p2', 7, 20),
(861, 55, 'p2', 7, 21),
(862, 55, 'p4', 7, 1),
(863, 55, 'p4', 7, 2),
(864, 55, 'p4', 7, 3),
(865, 55, 'p4', 7, 4),
(866, 55, 'p4', 7, 5),
(867, 55, 'p4', 7, 6),
(868, 55, 'p4', 7, 7),
(869, 55, 'p4', 7, 8),
(870, 55, 'p4', 7, 9),
(871, 55, 'p4', 7, 10),
(872, 55, 'p4', 7, 11),
(873, 55, 'p4', 7, 12),
(874, 55, 'p4', 7, 13),
(875, 55, 'p4', 7, 14),
(876, 55, 'p4', 7, 15),
(877, 55, 'p4', 7, 16),
(878, 55, 'p4', 7, 17),
(879, 55, 'p4', 7, 18),
(880, 55, 'p4', 7, 19),
(881, 55, 'p4', 7, 20),
(882, 55, 'p4', 7, 21),
(883, 56, 'p1', 7, 1),
(884, 56, 'p1', 7, 2),
(885, 56, 'p1', 7, 3),
(886, 56, 'p1', 7, 4),
(887, 56, 'p1', 7, 5),
(888, 56, 'p1', 7, 6),
(889, 56, 'p1', 7, 7),
(890, 56, 'p1', 7, 8),
(891, 56, 'p1', 7, 9),
(892, 56, 'p1', 7, 10),
(893, 56, 'p1', 7, 11),
(894, 56, 'p1', 7, 12),
(895, 56, 'p1', 7, 13),
(896, 56, 'p1', 7, 14),
(897, 56, 'p1', 7, 15),
(898, 56, 'p1', 7, 16),
(899, 56, 'p1', 7, 17),
(900, 56, 'p1', 7, 18),
(901, 56, 'p1', 7, 19),
(902, 56, 'p1', 7, 20),
(903, 56, 'p1', 7, 21),
(904, 56, 'p3', 7, 1),
(905, 56, 'p3', 7, 2),
(906, 56, 'p3', 7, 3),
(907, 56, 'p3', 7, 4),
(908, 56, 'p3', 7, 5),
(909, 56, 'p3', 7, 6),
(910, 56, 'p3', 7, 7),
(911, 56, 'p3', 7, 8),
(912, 56, 'p3', 7, 9),
(913, 56, 'p3', 7, 10),
(914, 56, 'p3', 7, 11),
(915, 56, 'p3', 7, 12),
(916, 56, 'p3', 7, 13),
(917, 56, 'p3', 7, 14),
(918, 56, 'p3', 7, 15),
(919, 56, 'p3', 7, 16),
(920, 56, 'p3', 7, 17),
(921, 56, 'p3', 7, 18),
(922, 56, 'p3', 7, 19),
(923, 56, 'p3', 7, 20),
(924, 56, 'p3', 7, 21),
(925, 56, 'p2', 6, 1),
(926, 56, 'p2', 6, 2),
(927, 56, 'p2', 6, 3),
(928, 56, 'p2', 6, 4),
(929, 56, 'p2', 6, 5),
(930, 56, 'p2', 6, 6),
(931, 56, 'p2', 6, 7),
(932, 56, 'p2', 6, 8),
(933, 56, 'p2', 6, 9),
(934, 56, 'p2', 6, 10),
(935, 56, 'p2', 6, 11),
(936, 56, 'p2', 6, 12),
(937, 56, 'p2', 6, 13),
(938, 56, 'p2', 6, 14),
(939, 56, 'p2', 6, 15),
(940, 56, 'p2', 6, 16),
(941, 56, 'p2', 6, 17),
(942, 56, 'p2', 6, 18),
(943, 56, 'p2', 6, 19),
(944, 56, 'p2', 6, 20),
(945, 56, 'p2', 6, 21),
(946, 56, 'p4', 6, 1),
(947, 56, 'p4', 6, 2),
(948, 56, 'p4', 6, 3),
(949, 56, 'p4', 6, 4),
(950, 56, 'p4', 6, 5),
(951, 56, 'p4', 6, 6),
(952, 56, 'p4', 6, 7),
(953, 56, 'p4', 6, 8),
(954, 56, 'p4', 6, 9),
(955, 56, 'p4', 6, 10),
(956, 56, 'p4', 6, 11),
(957, 56, 'p4', 6, 12),
(958, 56, 'p4', 6, 13),
(959, 56, 'p4', 6, 14),
(960, 56, 'p4', 6, 15),
(961, 56, 'p4', 6, 16),
(962, 56, 'p4', 6, 17),
(963, 56, 'p4', 6, 18),
(964, 56, 'p4', 6, 19),
(965, 56, 'p4', 6, 20),
(966, 56, 'p4', 6, 21);

-- --------------------------------------------------------

--
-- Table structure for table `users`
--

DROP TABLE IF EXISTS `users`;
CREATE TABLE IF NOT EXISTS `users` (
  `id` int NOT NULL AUTO_INCREMENT,
  `firstname` varchar(50) COLLATE utf8mb4_general_ci NOT NULL,
  `lastname` varchar(50) CHARACTER SET utf8mb4 COLLATE utf8mb4_general_ci DEFAULT NULL,
  `email` varchar(50) COLLATE utf8mb4_general_ci NOT NULL,
  `username` varchar(50) COLLATE utf8mb4_general_ci NOT NULL,
  `passwd` varchar(255) COLLATE utf8mb4_general_ci NOT NULL,
  `score` int NOT NULL,
  PRIMARY KEY (`id`)
) ENGINE=MyISAM AUTO_INCREMENT=8 DEFAULT CHARSET=utf8mb4 COLLATE=utf8mb4_general_ci;

--
-- Dumping data for table `users`
--

INSERT INTO `users` (`id`, `firstname`, `lastname`, `email`, `username`, `passwd`, `score`) VALUES
(6, 'Dimitris', 'Batsilis', 'jimbatsi1995@gmail.com', 'it133977', '$2y$10$BHg2dTjg9Uyh36BENnmHmOe8XccuLu5xCSVSrKO1jvR6mjk7yf1qa', 0),
(7, 'Dimitris', 'Batsilis', 'jimbatsi1995@gmail.com', 'dimitrisbatsi', '$2y$10$bTEqb70F4Dhu0jY/lvKz8u7EK2Zy9ImvGMTHMGAUTATwYjagZqwkO', 0);
COMMIT;

/*!40101 SET CHARACTER_SET_CLIENT=@OLD_CHARACTER_SET_CLIENT */;
/*!40101 SET CHARACTER_SET_RESULTS=@OLD_CHARACTER_SET_RESULTS */;
/*!40101 SET COLLATION_CONNECTION=@OLD_COLLATION_CONNECTION */;
